transaction_id,customer_id,customer_name,customer_email,customer_phone,customer_type,amount,currency,payment_method,payment_status,failure_reason,previous_successful_payments,previous_failed_payments,retry_count,time_since_failure_mins,transaction_date,true_recovery_probability,is_recovered,recovery_status,recovery_action,recovered_amount,risk_level
TXN10001,CUST1117,Sai Kapoor,sai.kapoor286@example.com,+91 9761330848,Enterprise,3333.51,INR,UPI,Success,None,25,1,0,0,2026-08-17 06:22:49,1.0,1,Not Applicable,None,3333.51,Low
TXN10002,CUST1349,Diya Bhat,diya.bhat930@example.com,+91 9878810937,Returning,614.31,INR,Debit Card,Failed,Payment gateway error,12,0,1,631,2026-08-11 12:15:51,0.6843,0,Pending Recovery,Smart Retry payment,0.0,Medium
TXN10003,CUST1032,Vikram Singh,vikram.singh697@example.com,+91 9797801251,Returning,3074.21,INR,Credit Card,Success,None,7,3,0,0,2026-08-12 14:42:48,1.0,1,Not Applicable,None,3074.21,Low
TXN10004,CUST1236,Diya Mehta,diya.mehta704@example.com,+91 9736873048,Returning,10134.56,INR,UPI,Success,None,9,4,0,0,2026-08-20 03:13:19,1.0,1,Not Applicable,None,10134.56,Low
TXN10005,CUST1313,Vikram Patel,vikram.patel307@example.com,+91 9422076028,Returning,4828.39,INR,UPI,Recovered,Customer abandoned checkout,4,1,1,505,2026-08-27 01:53:54,0.4221,1,Recovered,Send personalized recovery reminder,4828.39,Medium
TXN10006,CUST1179,Meera Bhat,meera.bhat482@example.com,+91 9784944881,New,4737.01,INR,Debit Card,Recovered,Network error,1,1,0,154,2026-08-15 14:57:21,0.71,1,Recovered,Smart Retry payment,4737.01,Low
TXN10007,CUST1148,Krishna Sharma,krishna.sharma994@example.com,+91 9824022357,New,25136.91,INR,Netbanking,Success,None,2,2,0,0,2026-08-20 12:29:53,1.0,1,Not Applicable,None,25136.91,Low
TXN10008,CUST1139,Rohan Iyer,rohan.iyer93@example.com,+91 9268638768,Returning,15441.87,INR,UPI,Success,None,5,1,0,0,2026-08-15 17:25:54,1.0,1,Not Applicable,None,15441.87,Low
TXN10009,CUST1272,Pari Rao,pari.rao838@example.com,+91 9942211135,Returning,308.55,INR,UPI,Failed,Expired card,9,1,3,166,2026-08-12 16:36:43,0.05,0,Pending Recovery,Stop further retries,0.0,High
TXN10010,CUST1244,Priya Menon,priya.menon716@example.com,+91 9488536370,Returning,1797.62,INR,Wallet,Failed,Timeout,3,3,1,43,2026-08-18 02:41:44,0.54,0,Pending Recovery,Send payment reminder,0.0,Medium
TXN10011,CUST1090,Pari Rao,pari.rao134@example.com,+91 9590122159,VIP,852.84,INR,Netbanking,Failed,Customer abandoned checkout,12,1,2,301,2026-08-23 17:03:04,0.325,0,Pending Recovery,Escalate to support,0.0,High
TXN10012,CUST1005,Ayaan Bose,ayaan.bose838@example.com,+91 9106977991,Returning,641.5,INR,Netbanking,Failed,Insufficient funds,4,3,0,521,2026-08-12 03:04:32,0.3783,0,Pending Recovery,Escalate to support,0.0,High
TXN10013,CUST1099,Ananya Chatterjee,ananya.chatterjee370@example.com,+91 9420632895,New,9959.93,INR,Debit Card,Success,None,1,1,0,0,2026-08-19 10:43:28,1.0,1,Not Applicable,None,9959.93,Low
TXN10014,CUST1152,Shaurya Mehta,shaurya.mehta347@example.com,+91 9542000551,VIP,4028.37,INR,UPI,Success,None,30,1,0,0,2026-08-25 14:04:36,1.0,1,Not Applicable,None,4028.37,Low
TXN10015,CUST1045,Ananya Sharma,ananya.sharma281@example.com,+91 9941889393,Enterprise,184.85,INR,Wallet,Success,None,22,1,0,0,2026-08-25 23:00:25,1.0,1,Not Applicable,None,184.85,Low
TXN10016,CUST1229,Aarav Nair,aarav.nair790@example.com,+91 9431769776,Returning,4815.19,INR,UPI,Success,None,7,2,0,0,2026-07-29 20:37:41,1.0,1,Not Applicable,None,4815.19,Low
TXN10017,CUST1032,Vikram Singh,vikram.singh697@example.com,+91 9797801251,Returning,2861.11,INR,UPI,Success,None,8,3,0,0,2026-08-26 10:29:28,1.0,1,Not Applicable,None,2861.11,Low
TXN10018,CUST1061,Rahul Gupta,rahul.gupta351@example.com,+91 9927982963,New,4761.6,INR,UPI,Failed,Expired card,0,2,0,567,2026-08-27 01:25:25,0.0725,0,Pending Recovery,Escalate to support,0.0,High
TXN10019,CUST1276,Vikram Kapoor,vikram.kapoor301@example.com,+91 9190060226,VIP,17383.23,INR,Debit Card,Success,None,13,1,0,0,2026-08-16 12:17:28,1.0,1,Not Applicable,None,17383.23,Low
TXN10020,CUST1271,Gauri Menon,gauri.menon776@example.com,+91 9941599226,Returning,1312.33,INR,Credit Card,Recovered,Temporary bank failure,9,1,0,537,2026-08-14 19:10:31,0.92,1,Recovered,Smart Retry payment,1312.33,Low
TXN10021,CUST1349,Diya Bhat,diya.bhat930@example.com,+91 9878810937,Returning,623.83,INR,UPI,Success,None,12,1,0,0,2026-08-22 13:52:13,1.0,1,Not Applicable,None,623.83,Low
TXN10022,CUST1234,Pooja Patel,pooja.patel687@example.com,+91 9555282394,Returning,3234.63,INR,Credit Card,Recovered,Payment gateway error,9,4,0,438,2026-07-29 18:12:31,0.825,1,Recovered,Smart Retry payment,3234.63,Low
TXN10023,CUST1033,Amit Kapoor,amit.kapoor263@example.com,+91 9341266931,Returning,1240.96,INR,Netbanking,Success,None,3,2,0,0,2026-08-12 07:20:59,1.0,1,Not Applicable,None,1240.96,Low
TXN10024,CUST1070,Ayaan Iyer,ayaan.iyer481@example.com,+91 9475442872,VIP,4912.35,INR,Credit Card,Success,None,17,0,0,0,2026-08-28 01:11:14,1.0,1,Not Applicable,None,4912.35,Low
TXN10025,CUST1194,Pari Mehta,pari.mehta698@example.com,+91 9904245086,Returning,713.46,INR,Credit Card,Success,None,12,2,0,0,2026-08-17 19:23:50,1.0,1,Not Applicable,None,713.46,Low
TXN10026,CUST1276,Vikram Kapoor,vikram.kapoor301@example.com,+91 9190060226,VIP,213.61,INR,Wallet,Success,None,14,1,0,0,2026-08-21 12:05:17,1.0,1,Not Applicable,None,213.61,Low
TXN10027,CUST1279,Atharva Rao,atharva.rao93@example.com,+91 9502559419,Returning,440.35,INR,UPI,Success,None,5,0,0,0,2026-08-02 17:33:41,1.0,1,Not Applicable,None,440.35,Low
TXN10028,CUST1058,Vihaan Reddy,vihaan.reddy921@example.com,+91 9214929002,Returning,693.18,INR,Credit Card,Success,None,10,1,0,0,2026-08-24 18:23:23,1.0,1,Not Applicable,None,693.18,Low
TXN10029,CUST1305,Vivaan Reddy,vivaan.reddy807@example.com,+91 9792738367,New,637.01,INR,Debit Card,Recovered,Payment gateway error,1,1,2,62,2026-08-20 11:21:02,0.38,1,Recovered,Escalate to support,637.01,High
TXN10030,CUST1149,Aarav Gupta,aarav.gupta791@example.com,+91 9912037475,Returning,923.76,INR,Credit Card,Success,None,4,3,0,0,2026-08-21 19:57:42,1.0,1,Not Applicable,None,923.76,Low
TXN10031,CUST1074,Vivaan Mehta,vivaan.mehta363@example.com,+91 9882269302,Returning,53881.32,INR,UPI,Recovered,Temporary bank failure,7,3,1,574,2026-08-15 03:50:48,0.715,1,Recovered,Smart Retry payment,53881.32,Low
TXN10032,CUST1177,Navya Malhotra,navya.malhotra821@example.com,+91 9293334613,Returning,15069.47,INR,Debit Card,Recovered,Customer abandoned checkout,4,1,0,235,2026-08-10 12:14:04,0.6021,1,Recovered,Send personalized recovery reminder,15069.47,Medium
TXN10033,CUST1074,Vivaan Mehta,vivaan.mehta363@example.com,+91 9882269302,Returning,18720.2,INR,Credit Card,Success,None,8,3,0,0,2026-08-14 17:14:52,1.0,1,Not Applicable,None,18720.2,Low
TXN10034,CUST1105,Gauri Kulkarni,gauri.kulkarni910@example.com,+91 9507083673,Returning,170.16,INR,UPI,Failed,Payment gateway error,6,3,1,45,2026-08-14 17:27:47,0.6405,0,Pending Recovery,Send payment reminder,0.0,Medium
TXN10035,CUST1097,Aditya Malhotra,aditya.malhotra565@example.com,+91 9600282414,Returning,13813.17,INR,Credit Card,Failed,Bank decline,8,0,0,199,2026-08-05 00:14:18,0.33,0,Pending Recovery,Escalate to support,0.0,High
TXN10036,CUST1061,Rahul Gupta,rahul.gupta351@example.com,+91 9927982963,New,4016.57,INR,Netbanking,Success,None,0,3,0,0,2026-08-19 08:44:59,1.0,1,Not Applicable,None,4016.57,Low
TXN10037,CUST1165,Gauri Joshi,gauri.joshi350@example.com,+91 9692616814,Returning,2522.27,INR,Credit Card,Failed,Temporary bank failure,10,3,3,485,2026-08-06 05:17:12,0.365,0,Pending Recovery,Stop further retries,0.0,High
TXN10038,CUST1164,Ishaan Singh,ishaan.singh603@example.com,+91 9808605988,VIP,10560.2,INR,UPI,Success,None,23,0,0,0,2026-08-04 15:36:30,1.0,1,Not Applicable,None,10560.2,Low
TXN10039,CUST1300,Pari Singh,pari.singh91@example.com,+91 9452101316,Returning,2669.89,INR,UPI,Failed,Customer abandoned checkout,12,2,1,268,2026-08-10 01:49:17,0.4369,0,Pending Recovery,Send personalized recovery reminder,0.0,Medium
TXN10040,CUST1251,Shaurya Kulkarni,shaurya.kulkarni79@example.com,+91 9603500181,New,61710.14,INR,Credit Card,Failed,Network error,1,2,2,560,2026-08-21 21:39:44,0.335,0,Pending Recovery,Escalate to support,0.0,High
TXN10041,CUST1031,Diya Iyer,diya.iyer783@example.com,+91 9883757514,VIP,4355.43,INR,UPI,Success,None,30,0,0,0,2026-07-30 07:53:27,1.0,1,Not Applicable,None,4355.43,Low
TXN10042,CUST1323,Krishna Reddy,krishna.reddy639@example.com,+91 9672817675,Returning,735.45,INR,UPI,Success,None,3,4,0,0,2026-08-09 16:14:56,1.0,1,Not Applicable,None,735.45,Low
TXN10043,CUST1316,Priya Joshi,priya.joshi915@example.com,+91 9192573170,New,14888.61,INR,UPI,Success,None,0,1,0,0,2026-08-10 05:56:13,1.0,1,Not Applicable,None,14888.61,Low
TXN10044,CUST1275,Arjun Gupta,arjun.gupta502@example.com,+91 9498585961,New,21114.27,INR,Debit Card,Success,None,2,0,0,0,2026-08-22 22:08:57,1.0,1,Not Applicable,None,21114.27,Low
TXN10045,CUST1050,Neha Rao,neha.rao974@example.com,+91 9711684318,Returning,1963.63,INR,Credit Card,Failed,Bank decline,5,4,0,254,2026-08-09 06:14:14,0.2768,0,Pending Recovery,Escalate to support,0.0,High
TXN10046,CUST1116,Diya Deshmukh,diya.deshmukh858@example.com,+91 9593641365,Returning,844.26,INR,UPI,Success,None,4,3,0,0,2026-08-17 09:43:47,1.0,1,Not Applicable,None,844.26,Low
TXN10047,CUST1194,Pari Mehta,pari.mehta698@example.com,+91 9904245086,Returning,1224.4,INR,UPI,Failed,Timeout,13,2,2,102,2026-08-13 07:19:40,0.4085,0,Pending Recovery,Send payment reminder,0.0,Medium
TXN10048,CUST1022,Navya Gupta,navya.gupta891@example.com,+91 9112327652,Enterprise,910.15,INR,Credit Card,Success,None,29,2,0,0,2026-08-06 21:47:44,1.0,1,Not Applicable,None,910.15,Low
TXN10049,CUST1144,Meera Gupta,meera.gupta83@example.com,+91 9164035859,VIP,13452.08,INR,UPI,Success,None,13,1,0,0,2026-08-08 05:47:54,1.0,1,Not Applicable,None,13452.08,Low
TXN10050,CUST1204,Krishna Iyer,krishna.iyer981@example.com,+91 9984968439,Enterprise,9488.85,INR,Credit Card,Success,None,22,0,0,0,2026-08-24 00:22:49,1.0,1,Not Applicable,None,9488.85,Low
TXN10051,CUST1197,Ayaan Patel,ayaan.patel485@example.com,+91 9852775879,Returning,1559.66,INR,Wallet,Success,None,6,3,0,0,2026-08-13 19:42:41,1.0,1,Not Applicable,None,1559.66,Low
TXN10052,CUST1224,Pooja Mehta,pooja.mehta904@example.com,+91 9814403943,Returning,167.42,INR,Credit Card,Success,None,8,0,0,0,2026-08-16 16:07:22,1.0,1,Not Applicable,None,167.42,Low
TXN10053,CUST1325,Sneha Menon,sneha.menon956@example.com,+91 9705180256,Returning,992.33,INR,Credit Card,Recovered,Customer abandoned checkout,2,0,0,638,2026-08-26 12:54:08,0.6075,1,Recovered,Send personalized recovery reminder,992.33,Medium
TXN10054,CUST1127,Krishna Rao,krishna.rao207@example.com,+91 9438817025,New,1328.07,INR,UPI,Success,None,0,2,0,0,2026-08-17 14:24:38,1.0,1,Not Applicable,None,1328.07,Low
TXN10055,CUST1055,Pari Iyer,pari.iyer145@example.com,+91 9474745382,Returning,947.66,INR,UPI,Success,None,3,1,0,0,2026-08-01 00:43:00,1.0,1,Not Applicable,None,947.66,Low
TXN10056,CUST1286,Pari Sharma,pari.sharma598@example.com,+91 9359779090,Returning,2631.77,INR,UPI,Recovered,Network error,4,2,0,402,2026-08-01 05:45:31,0.7888,1,Recovered,Smart Retry payment,2631.77,Low
TXN10057,CUST1287,Diya Sharma,diya.sharma256@example.com,+91 9712745501,Returning,19671.62,INR,Credit Card,Recovered,Network error,8,1,0,450,2026-08-09 10:17:42,0.8177,1,Recovered,Smart Retry payment,19671.62,Low
TXN10058,CUST1154,Shaurya Gupta,shaurya.gupta801@example.com,+91 9533979662,Returning,1307.61,INR,UPI,Recovered,Temporary bank failure,10,0,0,410,2026-08-17 04:33:09,0.9325,1,Recovered,Smart Retry payment,1307.61,Low
TXN10059,CUST1318,Arjun Kulkarni,arjun.kulkarni470@example.com,+91 9600184588,Returning,874.98,INR,UPI,Success,None,12,4,0,0,2026-08-23 05:10:56,1.0,1,Not Applicable,None,874.98,Low
TXN10060,CUST1154,Shaurya Gupta,shaurya.gupta801@example.com,+91 9533979662,Returning,951.55,INR,UPI,Failed,Customer abandoned checkout,11,0,0,594,2026-08-27 17:44:22,0.6335,0,Pending Recovery,Send personalized recovery reminder,0.0,Medium
TXN10061,CUST1167,Ayaan Malhotra,ayaan.malhotra772@example.com,+91 9607854378,New,833.85,INR,UPI,Failed,Customer abandoned checkout,2,1,1,477,2026-08-15 08:48:31,0.345,0,Pending Recovery,Escalate to support,0.0,High
TXN10062,CUST1108,Reyansh Sharma,reyansh.sharma254@example.com,+91 9235528741,Returning,361.2,INR,Credit Card,Success,None,9,0,0,0,2026-08-22 03:27:09,1.0,1,Not Applicable,None,361.2,Low
TXN10063,CUST1325,Sneha Menon,sneha.menon956@example.com,+91 9705180256,Returning,326.41,INR,UPI,Success,None,3,0,0,0,2026-08-09 15:01:42,1.0,1,Not Applicable,None,326.41,Low
TXN10064,CUST1299,Priya Patel,priya.patel90@example.com,+91 9562360908,Returning,554.95,INR,Netbanking,Success,None,11,1,0,0,2026-08-14 22:38:35,1.0,1,Not Applicable,None,554.95,Low
TXN10065,CUST1275,Arjun Gupta,arjun.gupta502@example.com,+91 9498585961,New,4656.69,INR,UPI,Recovered,Timeout,3,0,1,667,2026-08-17 23:41:11,0.525,1,Recovered,Send payment reminder,4656.69,Medium
TXN10066,CUST1170,Aarav Reddy,aarav.reddy680@example.com,+91 9265744099,Returning,47979.61,INR,UPI,Recovered,Timeout,3,3,0,405,2026-08-13 16:52:07,0.72,1,Recovered,Smart Retry payment,47979.61,Low
TXN10067,CUST1348,Ishaan Chatterjee,ishaan.chatterjee387@example.com,+91 9455665802,VIP,3001.36,INR,UPI,Recovered,Temporary bank failure,29,0,2,150,2026-08-01 10:28:01,0.6402,1,Recovered,Send payment reminder,3001.36,Medium
TXN10068,CUST1176,Shaurya Verma,shaurya.verma393@example.com,+91 9562446417,Returning,1827.26,INR,Credit Card,Success,None,4,1,0,0,2026-08-11 16:29:49,1.0,1,Not Applicable,None,1827.26,Low
TXN10069,CUST1154,Shaurya Gupta,shaurya.gupta801@example.com,+91 9533979662,Returning,738.7,INR,UPI,Recovered,Customer abandoned checkout,11,1,1,570,2026-08-01 22:44:06,0.4436,1,Recovered,Send personalized recovery reminder,738.7,Medium
TXN10070,CUST1287,Diya Sharma,diya.sharma256@example.com,+91 9712745501,Returning,514.85,INR,Debit Card,Success,None,9,1,0,0,2026-08-04 02:23:03,1.0,1,Not Applicable,None,514.85,Low
TXN10071,CUST1315,Priya Chatterjee,priya.chatterjee577@example.com,+91 9714478186,New,11743.18,INR,UPI,Recovered,Customer abandoned checkout,1,1,1,554,2026-08-04 14:25:32,0.33,1,Recovered,Escalate to support,11743.18,High
TXN10072,CUST1167,Ayaan Malhotra,ayaan.malhotra772@example.com,+91 9607854378,New,201.56,INR,Credit Card,Success,None,2,2,0,0,2026-08-27 03:43:43,1.0,1,Not Applicable,None,201.56,Low
TXN10073,CUST1201,Rohan Mehta,rohan.mehta640@example.com,+91 9538211092,VIP,2391.35,INR,Debit Card,Success,None,16,0,0,0,2026-08-22 23:06:01,1.0,1,Not Applicable,None,2391.35,Low
TXN10074,CUST1315,Priya Chatterjee,priya.chatterjee577@example.com,+91 9714478186,New,3687.77,INR,UPI,Recovered,Network error,2,1,1,593,2026-08-01 17:36:24,0.545,1,Recovered,Send payment reminder,3687.77,Medium
TXN10075,CUST1096,Arjun Reddy,arjun.reddy720@example.com,+91 9264073400,New,3148.98,INR,Netbanking,Success,None,2,0,0,0,2026-08-03 05:31:46,1.0,1,Not Applicable,None,3148.98,Low
TXN10076,CUST1096,Arjun Reddy,arjun.reddy720@example.com,+91 9264073400,New,504.9,INR,UPI,Failed,Expired card,3,0,1,511,2026-07-29 07:31:13,0.05,0,Pending Recovery,Escalate to support,0.0,High
TXN10077,CUST1252,Ishaan Gupta,ishaan.gupta370@example.com,+91 9644748834,Returning,854.9,INR,Credit Card,Failed,Payment gateway error,3,2,1,177,2026-07-30 12:41:23,0.6307,0,Pending Recovery,Send payment reminder,0.0,Medium
TXN10078,CUST1290,Atharva Gupta,atharva.gupta375@example.com,+91 9946666926,Returning,4062.91,INR,Credit Card,Failed,Payment gateway error,3,2,2,47,2026-08-02 01:32:40,0.4507,0,Pending Recovery,Send payment reminder,0.0,Medium
TXN10079,CUST1226,Arjun Chatterjee,arjun.chatterjee120@example.com,+91 9475932035,New,4958.11,INR,UPI,Success,None,2,1,0,0,2026-08-20 17:28:38,1.0,1,Not Applicable,None,4958.11,Low
TXN10080,CUST1231,Arjun Sharma,arjun.sharma553@example.com,+91 9330997172,New,874.98,INR,UPI,Success,None,1,1,0,0,2026-08-02 04:04:34,1.0,1,Not Applicable,None,874.98,Low
TXN10081,CUST1302,Gauri Verma,gauri.verma943@example.com,+91 9478557676,Returning,4443.33,INR,Credit Card,Success,None,11,3,0,0,2026-08-17 03:09:32,1.0,1,Not Applicable,None,4443.33,Low
TXN10082,CUST1031,Diya Iyer,diya.iyer783@example.com,+91 9883757514,VIP,3128.59,INR,Credit Card,Failed,Bank decline,31,0,1,700,2026-08-27 12:51:08,0.2205,0,Pending Recovery,Escalate to support,0.0,High
TXN10083,CUST1070,Ayaan Iyer,ayaan.iyer481@example.com,+91 9475442872,VIP,71069.92,INR,Netbanking,Success,None,18,0,0,0,2026-08-24 00:43:22,1.0,1,Not Applicable,None,71069.92,Low
TXN10084,CUST1128,Pari Nair,pari.nair766@example.com,+91 9619904272,New,388.89,INR,UPI,Success,None,1,2,0,0,2026-08-09 19:18:53,1.0,1,Not Applicable,None,388.89,Low
TXN10085,CUST1322,Navya Singh,navya.singh266@example.com,+91 9310777576,VIP,505.79,INR,Credit Card,Success,None,28,2,0,0,2026-08-01 03:50:22,1.0,1,Not Applicable,None,505.79,Low
TXN10086,CUST1189,Meera Singh,meera.singh435@example.com,+91 9288592093,Returning,2951.69,INR,Credit Card,Success,None,5,1,0,0,2026-08-23 09:44:14,1.0,1,Not Applicable,None,2951.69,Low
TXN10087,CUST1326,Aditya Verma,aditya.verma799@example.com,+91 9719303396,VIP,2432.53,INR,UPI,Success,None,16,2,0,0,2026-08-04 19:36:22,1.0,1,Not Applicable,None,2432.53,Low
TXN10088,CUST1138,Diya Singh,diya.singh71@example.com,+91 9754586204,Returning,354.23,INR,Credit Card,Failed,Customer abandoned checkout,3,1,0,646,2026-08-24 05:25:58,0.595,0,Pending Recovery,Send personalized recovery reminder,0.0,Medium
TXN10089,CUST1236,Diya Mehta,diya.mehta704@example.com,+91 9736873048,Returning,935.49,INR,UPI,Success,None,10,4,0,0,2026-08-28 01:37:14,1.0,1,Not Applicable,None,935.49,Low
TXN10090,CUST1068,Aarav Nair,aarav.nair350@example.com,+91 9940081098,Returning,9527.68,INR,Netbanking,Success,None,8,1,0,0,2026-08-01 00:15:15,1.0,1,Not Applicable,None,9527.68,Low
TXN10091,CUST1341,Aditya Chopra,aditya.chopra792@example.com,+91 9690404558,Returning,7482.71,INR,UPI,Recovered,Customer abandoned checkout,6,4,0,493,2026-08-19 02:18:22,0.5825,1,Recovered,Send personalized recovery reminder,7482.71,Medium
TXN10092,CUST1304,Priya Nair,priya.nair156@example.com,+91 9752376434,Enterprise,710.98,INR,UPI,Success,None,29,1,0,0,2026-08-23 08:08:23,1.0,1,Not Applicable,None,710.98,Low
TXN10093,CUST1068,Aarav Nair,aarav.nair350@example.com,+91 9940081098,Returning,1915.56,INR,UPI,Success,None,9,1,0,0,2026-08-01 07:43:54,1.0,1,Not Applicable,None,1915.56,Low
TXN10094,CUST1196,Ayaan Chatterjee,ayaan.chatterjee915@example.com,+91 9702806585,New,4011.88,INR,UPI,Success,None,1,2,0,0,2026-08-02 15:44:34,1.0,1,Not Applicable,None,4011.88,Low
TXN10095,CUST1333,Ayaan Reddy,ayaan.reddy307@example.com,+91 9512477736,New,415.07,INR,UPI,Success,None,2,1,0,0,2026-08-26 01:36:25,1.0,1,Not Applicable,None,415.07,Low
TXN10096,CUST1112,Ananya Iyer,ananya.iyer717@example.com,+91 9991819497,New,189.42,INR,Debit Card,Success,None,2,0,0,0,2026-08-10 07:38:43,1.0,1,Not Applicable,None,189.42,Low
TXN10097,CUST1072,Karan Gupta,karan.gupta531@example.com,+91 9529151399,Returning,679.16,INR,UPI,Success,None,12,4,0,0,2026-08-19 19:24:23,1.0,1,Not Applicable,None,679.16,Low
TXN10098,CUST1014,Gauri Chopra,gauri.chopra957@example.com,+91 9787194506,Returning,14875.42,INR,UPI,Success,None,10,1,0,0,2026-08-13 21:01:32,1.0,1,Not Applicable,None,14875.42,Low
TXN10099,CUST1028,Amit Singh,amit.singh256@example.com,+91 9709194872,New,4174.32,INR,UPI,Failed,Insufficient funds,0,0,0,374,2026-08-05 17:00:11,0.31,0,Pending Recovery,Escalate to support,0.0,High
TXN10100,CUST1068,Aarav Nair,aarav.nair350@example.com,+91 9940081098,Returning,854.08,INR,UPI,Success,None,10,1,0,0,2026-08-03 12:52:38,1.0,1,Not Applicable,None,854.08,Low
TXN10101,CUST1038,Reyansh Mehta,reyansh.mehta451@example.com,+91 9480424119,New,159.78,INR,UPI,Recovered,Timeout,1,1,1,430,2026-07-31 10:52:04,0.48,1,Recovered,Send payment reminder,159.78,Medium
TXN10102,CUST1206,Ayaan Reddy,ayaan.reddy220@example.com,+91 9173669588,Returning,581.91,INR,Credit Card,Failed,Insufficient funds,10,1,1,405,2026-08-07 15:46:16,0.2419,0,Pending Recovery,Escalate to support,0.0,High
TXN10103,CUST1333,Ayaan Reddy,ayaan.reddy307@example.com,+91 9512477736,New,1264.39,INR,Credit Card,Success,None,3,1,0,0,2026-08-23 07:33:07,1.0,1,Not Applicable,None,1264.39,Low
TXN10104,CUST1223,Priya Reddy,priya.reddy610@example.com,+91 9702998820,Returning,650.07,INR,UPI,Success,None,10,2,0,0,2026-08-17 18:31:42,1.0,1,Not Applicable,None,650.07,Low
TXN10105,CUST1071,Ayaan Sharma,ayaan.sharma418@example.com,+91 9452468587,Returning,1655.17,INR,Wallet,Success,None,6,0,0,0,2026-08-22 01:10:15,1.0,1,Not Applicable,None,1655.17,Low
TXN10106,CUST1065,Ishaan Deshmukh,ishaan.deshmukh825@example.com,+91 9142836793,VIP,4492.97,INR,Debit Card,Recovered,Network error,19,0,0,595,2026-08-25 04:43:55,0.8979,1,Recovered,Smart Retry payment,4492.97,Low
TXN10107,CUST1255,Pari Verma,pari.verma839@example.com,+91 9713811693,Returning,2440.14,INR,Credit Card,Success,None,12,1,0,0,2026-08-09 03:22:57,1.0,1,Not Applicable,None,2440.14,Low
TXN10108,CUST1294,Vivaan Singh,vivaan.singh820@example.com,+91 9314179101,New,1461.22,INR,Debit Card,Failed,Payment gateway error,0,1,2,188,2026-08-23 15:15:44,0.355,0,Pending Recovery,Escalate to support,0.0,High
TXN10109,CUST1019,Saanvi Malhotra,saanvi.malhotra418@example.com,+91 9488690725,VIP,4654.88,INR,Debit Card,Success,None,15,0,0,0,2026-08-07 22:39:29,1.0,1,Not Applicable,None,4654.88,Low
TXN10110,CUST1139,Rohan Iyer,rohan.iyer93@example.com,+91 9268638768,Returning,13572.47,INR,UPI,Success,None,6,1,0,0,2026-07-30 16:14:34,1.0,1,Not Applicable,None,13572.47,Low
TXN10111,CUST1024,Ishaan Malhotra,ishaan.malhotra13@example.com,+91 9875340444,New,24480.22,INR,Credit Card,Recovered,Temporary bank failure,2,1,0,582,2026-08-23 13:02:23,0.825,1,Recovered,Smart Retry payment,24480.22,Low
TXN10112,CUST1319,Atharva Reddy,atharva.reddy808@example.com,+91 9691957561,VIP,430.45,INR,Wallet,Success,None,28,2,0,0,2026-08-21 20:42:01,1.0,1,Not Applicable,None,430.45,Low
TXN10113,CUST1126,Sneha Joshi,sneha.joshi729@example.com,+91 9587205269,Returning,938.16,INR,UPI,Success,None,6,2,0,0,2026-08-17 14:30:56,1.0,1,Not Applicable,None,938.16,Low
TXN10114,CUST1172,Neha Kulkarni,neha.kulkarni889@example.com,+91 9672972597,VIP,690.57,INR,Debit Card,Success,None,20,1,0,0,2026-08-01 11:56:30,1.0,1,Not Applicable,None,690.57,Low
TXN10115,CUST1252,Ishaan Gupta,ishaan.gupta370@example.com,+91 9644748834,Returning,83216.35,INR,UPI,Failed,Network error,3,3,2,474,2026-07-30 10:26:31,0.41,0,Pending Recovery,Send payment reminder,0.0,Medium
TXN10116,CUST1044,Diya Chatterjee,diya.chatterjee895@example.com,+91 9530613729,Returning,3021.21,INR,Credit Card,Failed,Temporary bank failure,2,1,0,327,2026-08-15 16:55:38,0.885,0,Pending Recovery,Smart Retry payment,0.0,Low
TXN10117,CUST1202,Vikram Deshmukh,vikram.deshmukh465@example.com,+91 9353524015,New,3940.68,INR,UPI,Recovered,Timeout,1,0,0,173,2026-07-31 07:52:58,0.685,1,Recovered,Smart Retry payment,3940.68,Medium
TXN10118,CUST1161,Diya Chatterjee,diya.chatterjee259@example.com,+91 9590470737,Enterprise,581.33,INR,Wallet,Recovered,Temporary bank failure,25,0,1,718,2026-08-07 08:52:23,0.8194,1,Recovered,Smart Retry payment,581.33,Low
TXN10119,CUST1111,Vihaan Bhat,vihaan.bhat329@example.com,+91 9718257024,New,9916.58,INR,UPI,Failed,Payment gateway error,2,1,3,36,2026-08-09 01:17:19,0.215,0,Pending Recovery,Stop further retries,0.0,High
TXN10120,CUST1232,Gauri Kulkarni,gauri.kulkarni329@example.com,+91 9874807770,New,3199.93,INR,UPI,Failed,Customer abandoned checkout,1,2,0,207,2026-08-21 19:04:32,0.495,0,Pending Recovery,Send personalized recovery reminder,0.0,Medium
TXN10121,CUST1191,Rahul Nair,rahul.nair854@example.com,+91 9617380166,Returning,4749.36,INR,UPI,Success,None,6,2,0,0,2026-08-25 11:55:56,1.0,1,Not Applicable,None,4749.36,Low
TXN10122,CUST1102,Sneha Nair,sneha.nair951@example.com,+91 9237039296,VIP,11651.03,INR,UPI,Success,None,27,2,0,0,2026-08-23 01:28:57,1.0,1,Not Applicable,None,11651.03,Low
TXN10123,CUST1237,Pooja Singh,pooja.singh414@example.com,+91 9743520276,New,930.72,INR,UPI,Success,None,0,0,0,0,2026-08-13 03:06:42,1.0,1,Not Applicable,None,930.72,Low
TXN10124,CUST1182,Vikram Gupta,vikram.gupta319@example.com,+91 9313907621,Returning,267.44,INR,UPI,Success,None,8,3,0,0,2026-07-30 12:06:32,1.0,1,Not Applicable,None,267.44,Low
TXN10125,CUST1152,Shaurya Mehta,shaurya.mehta347@example.com,+91 9542000551,VIP,4530.23,INR,Credit Card,Failed,Customer abandoned checkout,31,1,0,561,2026-08-09 18:43:25,0.6962,0,Pending Recovery,Send personalized recovery reminder,0.0,Medium
TXN10126,CUST1196,Ayaan Chatterjee,ayaan.chatterjee915@example.com,+91 9702806585,New,2436.09,INR,Credit Card,Success,None,2,2,0,0,2026-08-25 17:44:34,1.0,1,Not Applicable,None,2436.09,Low
TXN10127,CUST1093,Sneha Chatterjee,sneha.chatterjee779@example.com,+91 9365471644,Returning,636.4,INR,UPI,Success,None,12,2,0,0,2026-08-07 02:00:46,1.0,1,Not Applicable,None,636.4,Low
TXN10128,CUST1184,Aarav Chopra,aarav.chopra589@example.com,+91 9836371599,Returning,4997.42,INR,Wallet,Failed,Bank decline,2,4,0,229,2026-08-17 20:33:13,0.2513,0,Pending Recovery,Escalate to support,0.0,High
TXN10129,CUST1199,Vihaan Rao,vihaan.rao148@example.com,+91 9517305280,VIP,854.3,INR,Debit Card,Failed,Bank decline,22,1,0,365,2026-08-16 10:31:17,0.393,0,Pending Recovery,Escalate to support,0.0,High
TXN10130,CUST1289,Navya Kapoor,navya.kapoor409@example.com,+91 9604803700,Returning,952.53,INR,Debit Card,Success,None,2,3,0,0,2026-08-27 11:59:57,1.0,1,Not Applicable,None,952.53,Low
TXN10131,CUST1020,Navya Chatterjee,navya.chatterjee58@example.com,+91 9217734861,New,308.36,INR,UPI,Success,None,0,2,0,0,2026-07-29 18:28:49,1.0,1,Not Applicable,None,308.36,Low
TXN10132,CUST1067,Myra Reddy,myra.reddy252@example.com,+91 9274484941,VIP,258.71,INR,Debit Card,Success,None,13,1,0,0,2026-07-30 19:38:57,1.0,1,Not Applicable,None,258.71,Low
TXN10133,CUST1073,Shaurya Sharma,shaurya.sharma277@example.com,+91 9291735734,New,4385.08,INR,Netbanking,Success,None,2,1,0,0,2026-08-09 23:43:01,1.0,1,Not Applicable,None,4385.08,Low
TXN10134,CUST1052,Navya Kulkarni,navya.kulkarni219@example.com,+91 9819112790,VIP,389.34,INR,Wallet,Success,None,30,1,0,0,2026-08-11 14:24:21,1.0,1,Not Applicable,None,389.34,Low
TXN10135,CUST1163,Krishna Malhotra,krishna.malhotra816@example.com,+91 9645179180,Returning,970.87,INR,Credit Card,Success,None,6,0,0,0,2026-08-21 17:01:34,1.0,1,Not Applicable,None,970.87,Low
TXN10136,CUST1090,Pari Rao,pari.rao134@example.com,+91 9590122159,VIP,759.6,INR,UPI,Recovered,Insufficient funds,12,2,1,586,2026-07-29 14:40:57,0.2969,1,Recovered,Escalate to support,759.6,High
TXN10137,CUST1309,Anika Kapoor,anika.kapoor585@example.com,+91 9226444910,Returning,826.93,INR,Credit Card,Success,None,6,2,0,0,2026-08-01 11:22:32,1.0,1,Not Applicable,None,826.93,Low
TXN10138,CUST1040,Sneha Kulkarni,sneha.kulkarni121@example.com,+91 9366992705,VIP,983.14,INR,UPI,Success,None,14,0,0,0,2026-08-01 05:29:45,1.0,1,Not Applicable,None,983.14,Low
TXN10139,CUST1172,Neha Kulkarni,neha.kulkarni889@example.com,+91 9672972597,VIP,337.69,INR,UPI,Failed,Network error,21,1,1,175,2026-08-05 15:57:29,0.7125,0,Pending Recovery,Smart Retry payment,0.0,Low
TXN10140,CUST1253,Gauri Bose,gauri.bose387@example.com,+91 9993027458,New,10268.12,INR,UPI,Success,None,1,0,0,0,2026-08-22 02:36:18,1.0,1,Not Applicable,None,10268.12,Low
TXN10141,CUST1116,Diya Deshmukh,diya.deshmukh858@example.com,+91 9593641365,Returning,165.34,INR,Debit Card,Recovered,Temporary bank failure,5,3,0,81,2026-08-08 08:06:57,0.885,1,Recovered,Smart Retry payment,165.34,Low
TXN10142,CUST1048,Vivaan Bhat,vivaan.bhat951@example.com,+91 9670292350,Returning,985.75,INR,Netbanking,Success,None,4,0,0,0,2026-08-11 10:51:43,1.0,1,Not Applicable,None,985.75,Low
TXN10143,CUST1223,Priya Reddy,priya.reddy610@example.com,+91 9702998820,Returning,190.13,INR,UPI,Recovered,Payment gateway error,11,2,0,248,2026-08-19 11:59:05,0.845,1,Recovered,Smart Retry payment,190.13,Low
TXN10144,CUST1202,Vikram Deshmukh,vikram.deshmukh465@example.com,+91 9353524015,New,4358.58,INR,UPI,Recovered,Timeout,2,0,0,31,2026-08-10 23:58:49,0.6975,1,Recovered,Smart Retry payment,4358.58,Medium
TXN10145,CUST1327,Reyansh Bhat,reyansh.bhat664@example.com,+91 9132519237,Returning,172.74,INR,Debit Card,Recovered,Temporary bank failure,9,4,1,194,2026-08-10 06:45:15,0.715,1,Recovered,Smart Retry payment,172.74,Low
TXN10146,CUST1196,Ayaan Chatterjee,ayaan.chatterjee915@example.com,+91 9702806585,New,500.2,INR,UPI,Success,None,3,2,0,0,2026-08-04 21:48:37,1.0,1,Not Applicable,None,500.2,Low
TXN10147,CUST1342,Pooja Menon,pooja.menon109@example.com,+91 9522950895,New,700.33,INR,Debit Card,Success,None,1,1,0,0,2026-08-20 18:37:12,1.0,1,Not Applicable,None,700.33,Low
TXN10148,CUST1199,Vihaan Rao,vihaan.rao148@example.com,+91 9517305280,VIP,11279.06,INR,Credit Card,Success,None,22,2,0,0,2026-08-12 23:17:54,1.0,1,Not Applicable,None,11279.06,Low
TXN10149,CUST1041,Pari Bose,pari.bose197@example.com,+91 9399085574,New,867.55,INR,UPI,Success,None,1,0,0,0,2026-08-13 22:53:51,1.0,1,Not Applicable,None,867.55,Low
TXN10150,CUST1076,Vivaan Malhotra,vivaan.malhotra957@example.com,+91 9965984448,New,780.47,INR,UPI,Success,None,2,2,0,0,2026-08-27 19:21:21,1.0,1,Not Applicable,None,780.47,Low
TXN10151,CUST1217,Pari Kulkarni,pari.kulkarni621@example.com,+91 9669681065,Returning,713.81,INR,UPI,Success,None,6,3,0,0,2026-08-02 21:09:05,1.0,1,Not Applicable,None,713.81,Low
TXN10152,CUST1035,Vikram Verma,vikram.verma937@example.com,+91 9133729406,New,599.73,INR,Credit Card,Success,None,1,0,0,0,2026-08-14 07:57:39,1.0,1,Not Applicable,None,599.73,Low
TXN10153,CUST1320,Sai Reddy,sai.reddy942@example.com,+91 9159499094,Returning,4125.96,INR,UPI,Recovered,Temporary bank failure,3,4,0,108,2026-08-15 10:58:35,0.8617,1,Recovered,Smart Retry payment,4125.96,Low
TXN10154,CUST1275,Arjun Gupta,arjun.gupta502@example.com,+91 9498585961,New,18167.53,INR,UPI,Success,None,4,0,0,0,2026-08-15 11:35:04,1.0,1,Not Applicable,None,18167.53,Low
TXN10155,CUST1207,Saanvi Iyer,saanvi.iyer248@example.com,+91 9452788129,VIP,646.79,INR,Credit Card,Recovered,Customer abandoned checkout,12,2,2,386,2026-08-24 21:01:47,0.3169,1,Recovered,Escalate to support,646.79,High
TXN10156,CUST1156,Myra Chatterjee,myra.chatterjee788@example.com,+91 9155417727,Returning,857.56,INR,Netbanking,Success,None,5,2,0,0,2026-08-27 06:24:52,1.0,1,Not Applicable,None,857.56,Low
TXN10157,CUST1227,Vihaan Gupta,vihaan.gupta836@example.com,+91 9560755939,Returning,2283.15,INR,Debit Card,Success,None,10,4,0,0,2026-08-01 00:01:21,1.0,1,Not Applicable,None,2283.15,Low
TXN10158,CUST1209,Priya Nair,priya.nair897@example.com,+91 9127681228,New,4037.21,INR,Netbanking,Success,None,0,0,0,0,2026-08-13 11:38:06,1.0,1,Not Applicable,None,4037.21,Low
TXN10159,CUST1260,Pooja Menon,pooja.menon656@example.com,+91 9795038832,New,801.46,INR,Credit Card,Success,None,1,0,0,0,2026-08-03 22:05:45,1.0,1,Not Applicable,None,801.46,Low
TXN10160,CUST1030,Pooja Chatterjee,pooja.chatterjee179@example.com,+91 9384602384,VIP,509.8,INR,Netbanking,Success,None,24,2,0,0,2026-08-06 21:22:46,1.0,1,Not Applicable,None,509.8,Low
TXN10161,CUST1326,Aditya Verma,aditya.verma799@example.com,+91 9719303396,VIP,15216.93,INR,UPI,Success,None,17,2,0,0,2026-08-12 04:25:53,1.0,1,Not Applicable,None,15216.93,Low
TXN10162,CUST1283,Reyansh Reddy,reyansh.reddy754@example.com,+91 9753780028,Returning,246.16,INR,Netbanking,Success,None,10,3,0,0,2026-08-18 19:35:15,1.0,1,Not Applicable,None,246.16,Low
TXN10163,CUST1084,Ishaan Kapoor,ishaan.kapoor644@example.com,+91 9459905654,Returning,16696.67,INR,UPI,Recovered,Network error,3,1,2,703,2026-08-04 20:09:17,0.435,1,Recovered,Send payment reminder,16696.67,Medium
TXN10164,CUST1068,Aarav Nair,aarav.nair350@example.com,+91 9940081098,Returning,3403.97,INR,UPI,Failed,Timeout,11,1,0,390,2026-08-22 08:18:59,0.7736,0,Pending Recovery,Smart Retry payment,0.0,Low
TXN10165,CUST1236,Diya Mehta,diya.mehta704@example.com,+91 9736873048,Returning,519.03,INR,Credit Card,Success,None,11,4,0,0,2026-08-09 21:29:04,1.0,1,Not Applicable,None,519.03,Low
TXN10166,CUST1340,Ananya Verma,ananya.verma209@example.com,+91 9489256938,Returning,74559.6,INR,Credit Card,Success,None,10,2,0,0,2026-08-07 00:25:15,1.0,1,Not Applicable,None,74559.6,Low
TXN10167,CUST1173,Rohan Chatterjee,rohan.chatterjee46@example.com,+91 9762992051,VIP,61638.66,INR,Netbanking,Recovered,Temporary bank failure,10,0,1,63,2026-08-20 01:29:04,0.8125,1,Recovered,Smart Retry payment,61638.66,Low
TXN10168,CUST1308,Ananya Kulkarni,ananya.kulkarni265@example.com,+91 9221814525,Returning,386.63,INR,UPI,Failed,Network error,2,1,1,602,2026-08-13 02:28:39,0.605,0,Pending Recovery,Send payment reminder,0.0,Medium
TXN10169,CUST1293,Vikram Chatterjee,vikram.chatterjee840@example.com,+91 9244796859,Returning,10147.16,INR,Debit Card,Success,None,3,3,0,0,2026-08-17 12:07:52,1.0,1,Not Applicable,None,10147.16,Low
TXN10170,CUST1184,Aarav Chopra,aarav.chopra589@example.com,+91 9836371599,Returning,4380.83,INR,Debit Card,Success,None,2,5,0,0,2026-08-03 09:28:01,1.0,1,Not Applicable,None,4380.83,Low
TXN10171,CUST1133,Anika Bose,anika.bose998@example.com,+91 9155165334,Returning,3235.57,INR,Netbanking,Success,None,6,3,0,0,2026-08-25 11:39:17,1.0,1,Not Applicable,None,3235.57,Low
TXN10172,CUST1115,Navya Kulkarni,navya.kulkarni440@example.com,+91 9982971099,New,2228.03,INR,Debit Card,Failed,Network error,1,0,2,602,2026-08-05 23:52:53,0.375,0,Pending Recovery,Escalate to support,0.0,High
TXN10173,CUST1318,Arjun Kulkarni,arjun.kulkarni470@example.com,+91 9600184588,Returning,899.48,INR,Credit Card,Success,None,13,4,0,0,2026-08-09 14:23:44,1.0,1,Not Applicable,None,899.48,Low
TXN10174,CUST1078,Shaurya Mehta,shaurya.mehta317@example.com,+91 9644518647,Returning,279.27,INR,UPI,Success,None,6,3,0,0,2026-08-25 12:16:51,1.0,1,Not Applicable,None,279.27,Low
TXN10175,CUST1093,Sneha Chatterjee,sneha.chatterjee779@example.com,+91 9365471644,Returning,2949.84,INR,Credit Card,Recovered,Customer abandoned checkout,13,2,0,167,2026-08-16 21:53:42,0.6185,1,Recovered,Send personalized recovery reminder,2949.84,Medium
TXN10176,CUST1046,Diya Joshi,diya.joshi508@example.com,+91 9266211829,Returning,489.34,INR,UPI,Success,None,5,2,0,0,2026-08-12 05:02:20,1.0,1,Not Applicable,None,489.34,Low
TXN10177,CUST1192,Priya Mehta,priya.mehta87@example.com,+91 9251136695,Returning,77980.42,INR,Debit Card,Success,None,5,3,0,0,2026-07-29 10:23:39,1.0,1,Not Applicable,None,77980.42,Low
TXN10178,CUST1116,Diya Deshmukh,diya.deshmukh858@example.com,+91 9593641365,Returning,2377.05,INR,UPI,Recovered,Payment gateway error,6,3,0,537,2026-08-15 17:10:22,0.8205,1,Recovered,Smart Retry payment,2377.05,Low
TXN10179,CUST1173,Rohan Chatterjee,rohan.chatterjee46@example.com,+91 9762992051,VIP,717.1,INR,UPI,Success,None,11,0,0,0,2026-08-13 07:01:19,1.0,1,Not Applicable,None,717.1,Low
TXN10180,CUST1207,Saanvi Iyer,saanvi.iyer248@example.com,+91 9452788129,VIP,300.89,INR,Wallet,Failed,Customer abandoned checkout,13,2,1,389,2026-07-30 00:11:01,0.4985,0,Pending Recovery,Send personalized recovery reminder,0.0,Medium
TXN10181,CUST1131,Krishna Verma,krishna.verma576@example.com,+91 9413679331,Enterprise,3491.92,INR,Credit Card,Recovered,Temporary bank failure,30,0,0,131,2026-08-01 21:47:54,0.95,1,Recovered,Smart Retry payment,3491.92,Low
TXN10182,CUST1243,Vikram Malhotra,vikram.malhotra424@example.com,+91 9122394554,Returning,1821.77,INR,Credit Card,Failed,Timeout,7,1,1,433,2026-08-10 14:32:24,0.585,0,Pending Recovery,Send payment reminder,0.0,Medium
TXN10183,CUST1054,Shaurya Patel,shaurya.patel646@example.com,+91 9704509817,New,3470.17,INR,UPI,Success,None,0,0,0,0,2026-08-13 09:49:21,1.0,1,Not Applicable,None,3470.17,Low
TXN10184,CUST1268,Rahul Kapoor,rahul.kapoor354@example.com,+91 9922816526,New,43264.92,INR,UPI,Recovered,Network error,2,0,0,18,2026-08-15 04:57:12,0.7475,1,Recovered,Smart Retry payment,43264.92,Low
TXN10185,CUST1057,Myra Kapoor,myra.kapoor846@example.com,+91 9695499669,New,15034.66,INR,UPI,Recovered,Payment gateway error,1,2,0,308,2026-08-13 21:50:52,0.725,1,Recovered,Smart Retry payment,15034.66,Low
TXN10186,CUST1026,Myra Iyer,myra.iyer790@example.com,+91 9273461957,New,256.23,INR,UPI,Recovered,Temporary bank failure,2,2,1,51,2026-08-22 05:44:46,0.63,1,Recovered,Send payment reminder,256.23,Medium
TXN10187,CUST1071,Ayaan Sharma,ayaan.sharma418@example.com,+91 9452468587,Returning,1681.88,INR,UPI,Success,None,7,0,0,0,2026-08-17 08:40:33,1.0,1,Not Applicable,None,1681.88,Low
TXN10188,CUST1176,Shaurya Verma,shaurya.verma393@example.com,+91 9562446417,Returning,459.7,INR,Wallet,Recovered,Timeout,5,1,1,120,2026-08-10 06:44:44,0.5775,1,Recovered,Send payment reminder,459.7,Medium
TXN10189,CUST1031,Diya Iyer,diya.iyer783@example.com,+91 9883757514,VIP,74882.74,INR,UPI,Success,None,31,1,0,0,2026-08-12 21:43:15,1.0,1,Not Applicable,None,74882.74,Low
TXN10190,CUST1313,Vikram Patel,vikram.patel307@example.com,+91 9422076028,Returning,421.74,INR,UPI,Success,None,5,1,0,0,2026-08-23 22:56:33,1.0,1,Not Applicable,None,421.74,Low
TXN10191,CUST1250,Gauri Bhat,gauri.bhat469@example.com,+91 9831361497,Returning,469.16,INR,UPI,Recovered,Customer abandoned checkout,11,4,1,583,2026-08-07 23:48:05,0.4209,1,Recovered,Send personalized recovery reminder,469.16,Medium
TXN10192,CUST1343,Pari Deshmukh,pari.deshmukh213@example.com,+91 9746889670,Returning,12785.98,INR,Credit Card,Success,None,10,3,0,0,2026-08-11 13:30:57,1.0,1,Not Applicable,None,12785.98,Low
TXN10193,CUST1340,Ananya Verma,ananya.verma209@example.com,+91 9489256938,Returning,2539.12,INR,Debit Card,Success,None,11,2,0,0,2026-08-27 13:46:34,1.0,1,Not Applicable,None,2539.12,Low
TXN10194,CUST1081,Ishaan Chopra,ishaan.chopra10@example.com,+91 9426283245,Returning,2876.69,INR,Credit Card,Recovered,Payment gateway error,6,1,1,568,2026-08-20 17:24:29,0.6617,1,Recovered,Smart Retry payment,2876.69,Medium
TXN10195,CUST1207,Saanvi Iyer,saanvi.iyer248@example.com,+91 9452788129,VIP,6182.38,INR,UPI,Success,None,13,3,0,0,2026-07-31 23:49:41,1.0,1,Not Applicable,None,6182.38,Low
TXN10196,CUST1255,Pari Verma,pari.verma839@example.com,+91 9713811693,Returning,1071.06,INR,UPI,Failed,Expired card,13,1,1,525,2026-08-15 03:48:14,0.05,0,Pending Recovery,Escalate to support,0.0,High
TXN10197,CUST1336,Anika Sharma,anika.sharma412@example.com,+91 9642716859,New,4800.47,INR,UPI,Recovered,Timeout,1,0,0,677,2026-08-05 00:10:58,0.685,1,Recovered,Smart Retry payment,4800.47,Medium
TXN10198,CUST1232,Gauri Kulkarni,gauri.kulkarni329@example.com,+91 9874807770,New,782.39,INR,UPI,Failed,Network error,1,3,1,51,2026-08-23 16:39:50,0.505,0,Pending Recovery,Send payment reminder,0.0,Medium
TXN10199,CUST1253,Gauri Bose,gauri.bose387@example.com,+91 9993027458,New,744.17,INR,Debit Card,Recovered,Network error,2,0,0,200,2026-08-16 09:43:12,0.7475,1,Recovered,Smart Retry payment,744.17,Low
TXN10200,CUST1056,Atharva Singh,atharva.singh863@example.com,+91 9683275843,New,1185.95,INR,Credit Card,Success,None,2,1,0,0,2026-08-02 10:21:23,1.0,1,Not Applicable,None,1185.95,Low
TXN10201,CUST1302,Gauri Verma,gauri.verma943@example.com,+91 9478557676,Returning,28751.34,INR,Credit Card,Success,None,12,3,0,0,2026-07-31 05:59:13,1.0,1,Not Applicable,None,28751.34,Low
TXN10202,CUST1248,Sneha Reddy,sneha.reddy159@example.com,+91 9374843786,New,16715.44,INR,Netbanking,Success,None,0,0,0,0,2026-08-03 20:33:33,1.0,1,Not Applicable,None,16715.44,Low
TXN10203,CUST1337,Reyansh Bhat,reyansh.bhat61@example.com,+91 9402104065,Returning,4529.9,INR,Credit Card,Failed,Payment gateway error,9,4,3,306,2026-08-28 03:44:04,0.285,0,Pending Recovery,Stop further retries,0.0,High
TXN10204,CUST1069,Krishna Nair,krishna.nair120@example.com,+91 9510751046,Returning,641.27,INR,Netbanking,Success,None,2,3,0,0,2026-08-23 16:36:01,1.0,1,Not Applicable,None,641.27,Low
TXN10205,CUST1284,Vihaan Singh,vihaan.singh134@example.com,+91 9151270577,New,1803.36,INR,Credit Card,Failed,Customer abandoned checkout,0,1,3,520,2026-08-08 21:43:10,0.05,0,Pending Recovery,Stop further retries,0.0,High
TXN10206,CUST1327,Reyansh Bhat,reyansh.bhat664@example.com,+91 9132519237,Returning,202.86,INR,UPI,Success,None,10,4,0,0,2026-08-15 15:17:35,1.0,1,Not Applicable,None,202.86,Low
TXN10207,CUST1274,Navya Kapoor,navya.kapoor175@example.com,+91 9977130288,Returning,861.57,INR,Debit Card,Success,None,5,4,0,0,2026-07-29 18:52:33,1.0,1,Not Applicable,None,861.57,Low
TXN10208,CUST1103,Aarav Chopra,aarav.chopra688@example.com,+91 9129100607,Returning,805.98,INR,Wallet,Success,None,3,3,0,0,2026-08-02 08:18:18,1.0,1,Not Applicable,None,805.98,Low
TXN10209,CUST1105,Gauri Kulkarni,gauri.kulkarni910@example.com,+91 9507083673,Returning,1129.19,INR,Debit Card,Failed,Customer abandoned checkout,6,4,1,248,2026-08-24 15:31:21,0.4025,0,Pending Recovery,Send personalized recovery reminder,0.0,Medium
TXN10210,CUST1148,Krishna Sharma,krishna.sharma994@example.com,+91 9824022357,New,1187.87,INR,UPI,Success,None,3,2,0,0,2026-08-22 04:49:37,1.0,1,Not Applicable,None,1187.87,Low
TXN10211,CUST1028,Amit Singh,amit.singh256@example.com,+91 9709194872,New,325.21,INR,Credit Card,Success,None,0,1,0,0,2026-08-24 19:08:58,1.0,1,Not Applicable,None,325.21,Low
TXN10212,CUST1332,Pari Mehta,pari.mehta487@example.com,+91 9231556899,Returning,628.55,INR,Debit Card,Failed,Expired card,6,3,0,182,2026-08-19 19:30:31,0.1905,0,Pending Recovery,Escalate to support,0.0,High
TXN10213,CUST1062,Krishna Nair,krishna.nair574@example.com,+91 9857704655,Returning,484.66,INR,Credit Card,Failed,Customer abandoned checkout,8,4,0,162,2026-08-15 15:20:20,0.5914,0,Pending Recovery,Send personalized recovery reminder,0.0,Medium
TXN10214,CUST1306,Ananya Bhat,ananya.bhat167@example.com,+91 9829137330,New,938.14,INR,Credit Card,Success,None,1,1,0,0,2026-08-13 03:23:56,1.0,1,Not Applicable,None,938.14,Low
TXN10215,CUST1163,Krishna Malhotra,krishna.malhotra816@example.com,+91 9645179180,Returning,4826.99,INR,Credit Card,Success,None,7,0,0,0,2026-08-03 04:18:46,1.0,1,Not Applicable,None,4826.99,Low
TXN10216,CUST1179,Meera Bhat,meera.bhat482@example.com,+91 9784944881,New,291.02,INR,UPI,Recovered,Expired card,2,1,2,669,2026-08-05 03:47:30,0.05,1,Recovered,Escalate to support,291.02,High
TXN10217,CUST1343,Pari Deshmukh,pari.deshmukh213@example.com,+91 9746889670,Returning,315.31,INR,Credit Card,Success,None,11,3,0,0,2026-08-05 06:01:19,1.0,1,Not Applicable,None,315.31,Low
TXN10218,CUST1196,Ayaan Chatterjee,ayaan.chatterjee915@example.com,+91 9702806585,New,19173.87,INR,UPI,Success,None,4,2,0,0,2026-08-07 06:05:04,1.0,1,Not Applicable,None,19173.87,Low
TXN10219,CUST1192,Priya Mehta,priya.mehta87@example.com,+91 9251136695,Returning,3034.43,INR,Credit Card,Failed,Temporary bank failure,6,3,3,555,2026-08-17 17:13:37,0.3505,0,Pending Recovery,Stop further retries,0.0,High
TXN10220,CUST1321,Arjun Singh,arjun.singh340@example.com,+91 9861639583,New,702.3,INR,Debit Card,Success,None,0,1,0,0,2026-08-10 17:01:42,1.0,1,Not Applicable,None,702.3,Low
TXN10221,CUST1223,Priya Reddy,priya.reddy610@example.com,+91 9702998820,Returning,4758.06,INR,Debit Card,Recovered,Temporary bank failure,12,2,1,576,2026-08-11 23:02:10,0.7369,1,Recovered,Smart Retry payment,4758.06,Low
TXN10222,CUST1117,Sai Kapoor,sai.kapoor286@example.com,+91 9761330848,Enterprise,11114.08,INR,Credit Card,Success,None,26,1,0,0,2026-08-07 17:33:52,1.0,1,Not Applicable,None,11114.08,Low
TXN10223,CUST1004,Aarav Joshi,aarav.joshi675@example.com,+91 9853041955,New,3472.78,INR,Debit Card,Success,None,2,1,0,0,2026-08-18 23:53:44,1.0,1,Not Applicable,None,3472.78,Low
TXN10224,CUST1055,Pari Iyer,pari.iyer145@example.com,+91 9474745382,Returning,716.29,INR,Credit Card,Recovered,Temporary bank failure,4,1,0,230,2026-08-26 01:28:36,0.9021,1,Recovered,Smart Retry payment,716.29,Low
TXN10225,CUST1201,Rohan Mehta,rohan.mehta640@example.com,+91 9538211092,VIP,4397.02,INR,UPI,Success,None,17,0,0,0,2026-08-07 16:37:44,1.0,1,Not Applicable,None,4397.02,Low
TXN10226,CUST1332,Pari Mehta,pari.mehta487@example.com,+91 9231556899,Returning,953.52,INR,Credit Card,Success,None,6,4,0,0,2026-08-01 14:06:36,1.0,1,Not Applicable,None,953.52,Low
TXN10227,CUST1276,Vikram Kapoor,vikram.kapoor301@example.com,+91 9190060226,VIP,1340.42,INR,UPI,Success,None,15,1,0,0,2026-08-19 21:06:50,1.0,1,Not Applicable,None,1340.42,Low
TXN10228,CUST1263,Ishaan Chopra,ishaan.chopra735@example.com,+91 9190966348,New,264.59,INR,Credit Card,Recovered,Temporary bank failure,1,2,1,567,2026-08-01 23:11:49,0.615,1,Recovered,Send payment reminder,264.59,Medium
TXN10229,CUST1282,Anika Bose,anika.bose937@example.com,+91 9185068029,Returning,703.52,INR,UPI,Failed,Customer abandoned checkout,2,2,0,296,2026-08-16 04:56:38,0.57,0,Pending Recovery,Send personalized recovery reminder,0.0,Medium
TXN10230,CUST1100,Pari Joshi,pari.joshi929@example.com,+91 9336801619,Returning,504.58,INR,Credit Card,Recovered,Payment gateway error,9,1,0,9,2026-08-15 22:38:49,0.85,1,Recovered,Smart Retry payment,504.58,Low
TXN10231,CUST1114,Priya Verma,priya.verma448@example.com,+91 9810303128,Returning,3562.71,INR,UPI,Recovered,Network error,7,0,1,503,2026-08-18 14:04:27,0.6483,1,Recovered,Send payment reminder,3562.71,Medium
TXN10232,CUST1090,Pari Rao,pari.rao134@example.com,+91 9590122159,VIP,1327.81,INR,UPI,Success,None,13,2,0,0,2026-08-24 19:39:06,1.0,1,Not Applicable,None,1327.81,Low
TXN10233,CUST1321,Arjun Singh,arjun.singh340@example.com,+91 9861639583,New,166.86,INR,UPI,Success,None,1,1,0,0,2026-07-30 08:55:12,1.0,1,Not Applicable,None,166.86,Low
TXN10234,CUST1303,Krishna Verma,krishna.verma662@example.com,+91 9536164913,New,131.99,INR,UPI,Success,None,1,2,0,0,2026-08-14 16:25:55,1.0,1,Not Applicable,None,131.99,Low
TXN10235,CUST1201,Rohan Mehta,rohan.mehta640@example.com,+91 9538211092,VIP,793.93,INR,Debit Card,Recovered,Network error,18,0,1,633,2026-08-12 07:23:34,0.7175,1,Recovered,Smart Retry payment,793.93,Low
TXN10236,CUST1264,Ananya Kulkarni,ananya.kulkarni696@example.com,+91 9854658900,VIP,242.3,INR,Credit Card,Success,None,29,2,0,0,2026-08-24 04:44:29,1.0,1,Not Applicable,None,242.3,Low
TXN10237,CUST1184,Aarav Chopra,aarav.chopra589@example.com,+91 9836371599,Returning,784.33,INR,UPI,Failed,Customer abandoned checkout,3,5,0,470,2026-08-05 13:03:31,0.555,0,Pending Recovery,Send personalized recovery reminder,0.0,Medium
TXN10238,CUST1021,Sai Malhotra,sai.malhotra404@example.com,+91 9509760584,Returning,41064.62,INR,Debit Card,Success,None,11,3,0,0,2026-08-23 13:29:07,1.0,1,Not Applicable,None,41064.62,Low
TXN10239,CUST1279,Atharva Rao,atharva.rao93@example.com,+91 9502559419,Returning,2506.26,INR,UPI,Success,None,6,0,0,0,2026-08-24 21:26:21,1.0,1,Not Applicable,None,2506.26,Low
TXN10240,CUST1115,Navya Kulkarni,navya.kulkarni440@example.com,+91 9982971099,New,2411.24,INR,Netbanking,Success,None,1,1,0,0,2026-08-12 22:11:17,1.0,1,Not Applicable,None,2411.24,Low
TXN10241,CUST1072,Karan Gupta,karan.gupta531@example.com,+91 9529151399,Returning,305.99,INR,Credit Card,Failed,Insufficient funds,13,4,1,429,2026-08-02 13:03:46,0.2255,0,Pending Recovery,Escalate to support,0.0,High
TXN10242,CUST1059,Krishna Singh,krishna.singh744@example.com,+91 9468164906,Returning,2914.78,INR,UPI,Recovered,Timeout,5,2,0,649,2026-08-22 21:15:36,0.745,1,Recovered,Smart Retry payment,2914.78,Low
TXN10243,CUST1294,Vivaan Singh,vivaan.singh820@example.com,+91 9314179101,New,248.71,INR,Netbanking,Success,None,0,2,0,0,2026-08-10 23:31:36,1.0,1,Not Applicable,None,248.71,Low
TXN10244,CUST1339,Amit Gupta,amit.gupta792@example.com,+91 9532990767,Returning,19207.86,INR,UPI,Success,None,7,0,0,0,2026-08-12 11:23:25,1.0,1,Not Applicable,None,19207.86,Low
TXN10245,CUST1211,Arjun Malhotra,arjun.malhotra773@example.com,+91 9168244921,Returning,4177.67,INR,Debit Card,Recovered,Payment gateway error,9,3,0,609,2026-08-17 22:25:18,0.8321,1,Recovered,Smart Retry payment,4177.67,Low
TXN10246,CUST1194,Pari Mehta,pari.mehta698@example.com,+91 9904245086,Returning,196.71,INR,UPI,Success,None,13,3,0,0,2026-08-13 09:37:11,1.0,1,Not Applicable,None,196.71,Low
TXN10247,CUST1050,Neha Rao,neha.rao974@example.com,+91 9711684318,Returning,910.45,INR,Credit Card,Success,None,5,5,0,0,2026-08-14 12:42:16,1.0,1,Not Applicable,None,910.45,Low
TXN10248,CUST1338,Amit Chatterjee,amit.chatterjee18@example.com,+91 9215424112,Returning,642.13,INR,Debit Card,Success,None,8,1,0,0,2026-08-21 18:01:51,1.0,1,Not Applicable,None,642.13,Low
TXN10249,CUST1190,Priya Joshi,priya.joshi384@example.com,+91 9669998399,VIP,15463.94,INR,UPI,Success,None,24,1,0,0,2026-08-13 01:49:53,1.0,1,Not Applicable,None,15463.94,Low
TXN10250,CUST1295,Meera Singh,meera.singh844@example.com,+91 9683074770,Returning,219.49,INR,Credit Card,Recovered,Network error,9,2,0,12,2026-08-23 22:34:27,0.8104,1,Recovered,Smart Retry payment,219.49,Low
TXN10251,CUST1061,Rahul Gupta,rahul.gupta351@example.com,+91 9927982963,New,2499.74,INR,UPI,Success,None,1,3,0,0,2026-08-10 05:55:02,1.0,1,Not Applicable,None,2499.74,Low
TXN10252,CUST1300,Pari Singh,pari.singh91@example.com,+91 9452101316,Returning,868.48,INR,UPI,Recovered,Network error,12,3,1,499,2026-08-06 19:28:42,0.6297,1,Recovered,Send payment reminder,868.48,Medium
TXN10253,CUST1287,Diya Sharma,diya.sharma256@example.com,+91 9712745501,Returning,2014.86,INR,UPI,Failed,Customer abandoned checkout,10,1,1,462,2026-08-19 18:23:54,0.4419,0,Pending Recovery,Send personalized recovery reminder,0.0,Medium
TXN10254,CUST1083,Pooja Iyer,pooja.iyer822@example.com,+91 9954725078,Returning,556.51,INR,Debit Card,Success,None,4,0,0,0,2026-08-16 22:34:22,1.0,1,Not Applicable,None,556.51,Low
TXN10255,CUST1200,Pooja Joshi,pooja.joshi770@example.com,+91 9880179899,Returning,20343.89,INR,UPI,Recovered,Payment gateway error,4,3,0,43,2026-08-26 01:22:32,0.8083,1,Recovered,Smart Retry payment,20343.89,Low
TXN10256,CUST1206,Ayaan Reddy,ayaan.reddy220@example.com,+91 9173669588,Returning,3083.5,INR,Debit Card,Success,None,10,2,0,0,2026-08-27 01:05:19,1.0,1,Not Applicable,None,3083.5,Low
TXN10257,CUST1225,Ishaan Menon,ishaan.menon116@example.com,+91 9720535283,Returning,864.51,INR,Netbanking,Success,None,10,1,0,0,2026-08-04 11:25:44,1.0,1,Not Applicable,None,864.51,Low
TXN10258,CUST1119,Rahul Patel,rahul.patel471@example.com,+91 9361846370,Returning,3695.42,INR,UPI,Success,None,9,4,0,0,2026-08-27 05:24:44,1.0,1,Not Applicable,None,3695.42,Low
TXN10259,CUST1205,Pooja Iyer,pooja.iyer621@example.com,+91 9122932394,Returning,454.63,INR,Credit Card,Success,None,2,2,0,0,2026-08-20 00:55:54,1.0,1,Not Applicable,None,454.63,Low
TXN10260,CUST1146,Ishaan Chopra,ishaan.chopra522@example.com,+91 9679800791,VIP,3235.9,INR,Credit Card,Recovered,Network error,23,1,0,9,2026-08-22 14:00:03,0.8935,1,Recovered,Smart Retry payment,3235.9,Low
TXN10261,CUST1209,Priya Nair,priya.nair897@example.com,+91 9127681228,New,3233.96,INR,Credit Card,Failed,Timeout,1,0,1,261,2026-08-01 20:59:02,0.505,0,Pending Recovery,Send payment reminder,0.0,Medium
TXN10262,CUST1194,Pari Mehta,pari.mehta698@example.com,+91 9904245086,Returning,4079.1,INR,Debit Card,Success,None,14,3,0,0,2026-08-12 02:13:22,1.0,1,Not Applicable,None,4079.1,Low
TXN10263,CUST1015,Pooja Kulkarni,pooja.kulkarni804@example.com,+91 9160062915,VIP,2031.02,INR,UPI,Success,None,15,0,0,0,2026-08-05 04:16:03,1.0,1,Not Applicable,None,2031.02,Low
TXN10264,CUST1212,Karan Deshmukh,karan.deshmukh121@example.com,+91 9585337126,Returning,53572.77,INR,UPI,Success,None,10,1,0,0,2026-08-05 10:13:32,1.0,1,Not Applicable,None,53572.77,Low
TXN10265,CUST1176,Shaurya Verma,shaurya.verma393@example.com,+91 9562446417,Returning,937.26,INR,Credit Card,Failed,Customer abandoned checkout,6,1,2,515,2026-08-24 23:42:22,0.2517,0,Pending Recovery,Escalate to support,0.0,High
TXN10266,CUST1121,Reyansh Deshmukh,reyansh.deshmukh358@example.com,+91 9400281010,Returning,4490.1,INR,UPI,Failed,Temporary bank failure,11,2,2,697,2026-08-05 22:50:25,0.555,0,Pending Recovery,Send payment reminder,0.0,Medium
TXN10267,CUST1253,Gauri Bose,gauri.bose387@example.com,+91 9993027458,New,4056.21,INR,Credit Card,Failed,Expired card,3,0,2,286,2026-08-12 22:41:17,0.05,0,Pending Recovery,Escalate to support,0.0,High
TXN10268,CUST1262,Neha Reddy,neha.reddy606@example.com,+91 9812548074,Returning,298.88,INR,Credit Card,Recovered,Network error,4,2,0,707,2026-08-22 07:41:09,0.7888,1,Recovered,Smart Retry payment,298.88,Low
TXN10269,CUST1235,Gauri Malhotra,gauri.malhotra783@example.com,+91 9650127661,Returning,65385.9,INR,Credit Card,Success,None,3,2,0,0,2026-07-29 10:36:27,1.0,1,Not Applicable,None,65385.9,Low
TXN10270,CUST1167,Ayaan Malhotra,ayaan.malhotra772@example.com,+91 9607854378,New,874.66,INR,UPI,Recovered,Temporary bank failure,3,2,0,434,2026-08-06 21:02:09,0.8207,1,Recovered,Smart Retry payment,874.66,Low
TXN10271,CUST1191,Rahul Nair,rahul.nair854@example.com,+91 9617380166,Returning,459.53,INR,Credit Card,Success,None,7,2,0,0,2026-08-27 22:20:00,1.0,1,Not Applicable,None,459.53,Low
TXN10272,CUST1139,Rohan Iyer,rohan.iyer93@example.com,+91 9268638768,Returning,13329.55,INR,Netbanking,Failed,Temporary bank failure,7,1,0,142,2026-08-22 14:09:25,0.915,0,Pending Recovery,Smart Retry payment,0.0,Low
TXN10273,CUST1323,Krishna Reddy,krishna.reddy639@example.com,+91 9672817675,Returning,3881.52,INR,Debit Card,Recovered,Customer abandoned checkout,4,4,0,265,2026-08-15 06:52:12,0.57,1,Recovered,Send personalized recovery reminder,3881.52,Medium
TXN10274,CUST1323,Krishna Reddy,krishna.reddy639@example.com,+91 9672817675,Returning,769.13,INR,UPI,Failed,Network error,5,4,0,700,2026-08-15 09:02:28,0.7768,0,Pending Recovery,Smart Retry payment,0.0,Low
TXN10275,CUST1102,Sneha Nair,sneha.nair951@example.com,+91 9237039296,VIP,3598.81,INR,Credit Card,Success,None,28,2,0,0,2026-08-06 17:34:33,1.0,1,Not Applicable,None,3598.81,Low
TXN10276,CUST1229,Aarav Nair,aarav.nair790@example.com,+91 9431769776,Returning,10715.68,INR,UPI,Success,None,8,2,0,0,2026-08-02 09:37:04,1.0,1,Not Applicable,None,10715.68,Low
TXN10277,CUST1173,Rohan Chatterjee,rohan.chatterjee46@example.com,+91 9762992051,VIP,650.08,INR,UPI,Success,None,12,0,0,0,2026-07-31 13:51:02,1.0,1,Not Applicable,None,650.08,Low
TXN10278,CUST1335,Karan Nair,karan.nair537@example.com,+91 9601238919,Returning,339.73,INR,Credit Card,Recovered,Timeout,9,2,3,428,2026-08-12 01:12:25,0.2204,1,Recovered,Stop further retries,339.73,High
TXN10279,CUST1012,Rahul Deshmukh,rahul.deshmukh373@example.com,+91 9324956459,New,310.16,INR,UPI,Success,None,2,1,0,0,2026-08-20 13:43:29,1.0,1,Not Applicable,None,310.16,Low
TXN10280,CUST1049,Navya Patel,navya.patel80@example.com,+91 9738914080,VIP,889.82,INR,Credit Card,Failed,Payment gateway error,10,2,0,675,2026-08-10 12:12:15,0.9029,0,Pending Recovery,Smart Retry payment,0.0,Low
TXN10281,CUST1200,Pooja Joshi,pooja.joshi770@example.com,+91 9880179899,Returning,321.66,INR,UPI,Success,None,5,3,0,0,2026-08-02 14:30:43,1.0,1,Not Applicable,None,321.66,Low
TXN10282,CUST1340,Ananya Verma,ananya.verma209@example.com,+91 9489256938,Returning,922.75,INR,Netbanking,Success,None,12,2,0,0,2026-08-24 21:45:59,1.0,1,Not Applicable,None,922.75,Low
TXN10283,CUST1070,Ayaan Iyer,ayaan.iyer481@example.com,+91 9475442872,VIP,65345.49,INR,UPI,Success,None,19,0,0,0,2026-08-17 10:12:42,1.0,1,Not Applicable,None,65345.49,Low
TXN10284,CUST1269,Myra Chopra,myra.chopra195@example.com,+91 9992649957,New,3134.6,INR,Netbanking,Success,None,2,2,0,0,2026-08-04 18:34:24,1.0,1,Not Applicable,None,3134.6,Low
TXN10285,CUST1212,Karan Deshmukh,karan.deshmukh121@example.com,+91 9585337126,Returning,372.22,INR,UPI,Success,None,11,1,0,0,2026-08-23 15:34:14,1.0,1,Not Applicable,None,372.22,Low
TXN10286,CUST1005,Ayaan Bose,ayaan.bose838@example.com,+91 9106977991,Returning,2967.23,INR,Debit Card,Failed,Customer abandoned checkout,4,4,1,198,2026-08-21 15:02:40,0.39,0,Pending Recovery,Escalate to support,0.0,High
TXN10287,CUST1288,Pooja Patel,pooja.patel379@example.com,+91 9172670118,Returning,323.91,INR,Debit Card,Success,None,10,4,0,0,2026-08-22 22:17:50,1.0,1,Not Applicable,None,323.91,Low
TXN10288,CUST1321,Arjun Singh,arjun.singh340@example.com,+91 9861639583,New,787.08,INR,Netbanking,Success,None,2,1,0,0,2026-08-18 16:53:51,1.0,1,Not Applicable,None,787.08,Low
TXN10289,CUST1138,Diya Singh,diya.singh71@example.com,+91 9754586204,Returning,867.13,INR,UPI,Recovered,Timeout,3,2,0,24,2026-08-17 13:43:00,0.7307,1,Recovered,Smart Retry payment,867.13,Low
TXN10290,CUST1274,Navya Kapoor,navya.kapoor175@example.com,+91 9977130288,Returning,974.1,INR,UPI,Recovered,Temporary bank failure,6,4,0,435,2026-08-11 00:36:57,0.8825,1,Recovered,Smart Retry payment,974.1,Low
TXN10291,CUST1256,Shaurya Menon,shaurya.menon164@example.com,+91 9166436383,Returning,50139.49,INR,Debit Card,Recovered,Customer abandoned checkout,9,0,0,486,2026-08-24 01:58:29,0.6314,1,Recovered,Send personalized recovery reminder,50139.49,Medium
TXN10292,CUST1129,Saanvi Kapoor,saanvi.kapoor112@example.com,+91 9994027897,Returning,17422.95,INR,UPI,Success,None,5,2,0,0,2026-08-06 02:06:18,1.0,1,Not Applicable,None,17422.95,Low
TXN10293,CUST1018,Krishna Reddy,krishna.reddy584@example.com,+91 9678722458,New,760.79,INR,UPI,Success,None,1,2,0,0,2026-08-04 12:39:19,1.0,1,Not Applicable,None,760.79,Low
TXN10294,CUST1166,Gauri Kulkarni,gauri.kulkarni724@example.com,+91 9356415500,VIP,754.41,INR,Debit Card,Success,None,26,1,0,0,2026-08-01 23:58:57,1.0,1,Not Applicable,None,754.41,Low
TXN10295,CUST1185,Sneha Chatterjee,sneha.chatterjee934@example.com,+91 9407298630,VIP,17954.0,INR,UPI,Recovered,Payment gateway error,15,2,0,253,2026-08-17 04:00:04,0.9113,1,Recovered,Smart Retry payment,17954.0,Low
TXN10296,CUST1022,Navya Gupta,navya.gupta891@example.com,+91 9112327652,Enterprise,3762.31,INR,Credit Card,Recovered,Customer abandoned checkout,30,2,0,645,2026-08-21 05:51:52,0.6918,1,Recovered,Send personalized recovery reminder,3762.31,Medium
TXN10297,CUST1183,Vihaan Rao,vihaan.rao377@example.com,+91 9717199615,Returning,3804.61,INR,Debit Card,Failed,Customer abandoned checkout,6,2,2,454,2026-08-05 19:33:29,0.24,0,Pending Recovery,Escalate to support,0.0,High
TXN10298,CUST1011,Neha Rao,neha.rao399@example.com,+91 9398471886,VIP,2432.31,INR,UPI,Success,None,22,2,0,0,2026-08-12 20:26:54,1.0,1,Not Applicable,None,2432.31,Low
TXN10299,CUST1251,Shaurya Kulkarni,shaurya.kulkarni79@example.com,+91 9603500181,New,266.96,INR,UPI,Success,None,1,3,0,0,2026-08-06 22:55:56,1.0,1,Not Applicable,None,266.96,Low
TXN10300,CUST1284,Vihaan Singh,vihaan.singh134@example.com,+91 9151270577,New,577.02,INR,UPI,Success,None,0,2,0,0,2026-08-14 13:50:29,1.0,1,Not Applicable,None,577.02,Low
TXN10301,CUST1260,Pooja Menon,pooja.menon656@example.com,+91 9795038832,New,265.98,INR,UPI,Success,None,2,0,0,0,2026-08-21 09:36:41,1.0,1,Not Applicable,None,265.98,Low
TXN10302,CUST1338,Amit Chatterjee,amit.chatterjee18@example.com,+91 9215424112,Returning,73238.23,INR,UPI,Success,None,9,1,0,0,2026-08-20 23:49:49,1.0,1,Not Applicable,None,73238.23,Low
TXN10303,CUST1210,Atharva Rao,atharva.rao26@example.com,+91 9287095435,Returning,1441.75,INR,Credit Card,Recovered,Payment gateway error,6,0,0,106,2026-08-23 01:51:41,0.8563,1,Recovered,Smart Retry payment,1441.75,Low
TXN10304,CUST1329,Ishaan Bose,ishaan.bose71@example.com,+91 9269737590,New,14868.16,INR,Credit Card,Success,None,1,1,0,0,2026-08-05 21:58:34,1.0,1,Not Applicable,None,14868.16,Low
TXN10305,CUST1037,Sneha Bhat,sneha.bhat258@example.com,+91 9942478695,Returning,927.93,INR,Credit Card,Success,None,9,3,0,0,2026-08-23 07:10:05,1.0,1,Not Applicable,None,927.93,Low
TXN10306,CUST1185,Sneha Chatterjee,sneha.chatterjee934@example.com,+91 9407298630,VIP,4752.04,INR,UPI,Recovered,Temporary bank failure,16,2,0,316,2026-08-19 21:57:21,0.95,1,Recovered,Smart Retry payment,4752.04,Low
TXN10307,CUST1111,Vihaan Bhat,vihaan.bhat329@example.com,+91 9718257024,New,26312.75,INR,Debit Card,Success,None,2,2,0,0,2026-08-04 01:26:13,1.0,1,Not Applicable,None,26312.75,Low
TXN10308,CUST1321,Arjun Singh,arjun.singh340@example.com,+91 9861639583,New,13375.79,INR,Credit Card,Success,None,3,1,0,0,2026-08-21 10:19:36,1.0,1,Not Applicable,None,13375.79,Low
TXN10309,CUST1341,Aditya Chopra,aditya.chopra792@example.com,+91 9690404558,Returning,192.69,INR,Debit Card,Success,None,7,4,0,0,2026-08-13 15:42:20,1.0,1,Not Applicable,None,192.69,Low
TXN10310,CUST1308,Ananya Kulkarni,ananya.kulkarni265@example.com,+91 9221814525,Returning,416.09,INR,UPI,Success,None,2,2,0,0,2026-08-07 23:43:49,1.0,1,Not Applicable,None,416.09,Low
TXN10311,CUST1221,Shaurya Gupta,shaurya.gupta166@example.com,+91 9837468465,Returning,9851.44,INR,UPI,Success,None,9,0,0,0,2026-08-09 16:06:41,1.0,1,Not Applicable,None,9851.44,Low
TXN10312,CUST1185,Sneha Chatterjee,sneha.chatterjee934@example.com,+91 9407298630,VIP,49087.49,INR,UPI,Success,None,17,2,0,0,2026-08-27 22:37:07,1.0,1,Not Applicable,None,49087.49,Low
TXN10313,CUST1155,Pooja Joshi,pooja.joshi65@example.com,+91 9301415220,Returning,984.95,INR,UPI,Failed,Bank decline,10,2,1,589,2026-08-21 22:40:50,0.1329,0,Pending Recovery,Escalate to support,0.0,High
TXN10314,CUST1080,Pooja Chopra,pooja.chopra934@example.com,+91 9286860433,Returning,513.33,INR,UPI,Failed,Payment gateway error,11,4,1,587,2026-08-24 19:12:26,0.6509,0,Pending Recovery,Smart Retry payment,0.0,Medium
TXN10315,CUST1040,Sneha Kulkarni,sneha.kulkarni121@example.com,+91 9366992705,VIP,4170.82,INR,UPI,Success,None,15,0,0,0,2026-08-19 03:19:58,1.0,1,Not Applicable,None,4170.82,Low
TXN10316,CUST1305,Vivaan Reddy,vivaan.reddy807@example.com,+91 9792738367,New,1149.45,INR,Debit Card,Failed,Insufficient funds,2,1,0,128,2026-08-22 03:53:53,0.325,0,Pending Recovery,Escalate to support,0.0,High
TXN10317,CUST1117,Sai Kapoor,sai.kapoor286@example.com,+91 9761330848,Enterprise,4397.06,INR,Netbanking,Success,None,27,1,0,0,2026-08-16 21:37:06,1.0,1,Not Applicable,None,4397.06,Low
TXN10318,CUST1164,Ishaan Singh,ishaan.singh603@example.com,+91 9808605988,VIP,1598.17,INR,Credit Card,Recovered,Network error,24,0,1,521,2026-07-31 02:15:55,0.7192,1,Recovered,Smart Retry payment,1598.17,Low
TXN10319,CUST1222,Aditya Patel,aditya.patel108@example.com,+91 9899496315,New,453.89,INR,UPI,Recovered,Temporary bank failure,2,1,1,719,2026-08-15 01:38:32,0.645,1,Recovered,Send payment reminder,453.89,Medium
TXN10320,CUST1070,Ayaan Iyer,ayaan.iyer481@example.com,+91 9475442872,VIP,1792.24,INR,UPI,Success,None,20,0,0,0,2026-08-15 16:10:03,1.0,1,Not Applicable,None,1792.24,Low
TXN10321,CUST1125,Ishaan Bhat,ishaan.bhat576@example.com,+91 9670073085,Returning,798.09,INR,UPI,Success,None,7,3,0,0,2026-08-01 05:03:12,1.0,1,Not Applicable,None,798.09,Low
TXN10322,CUST1179,Meera Bhat,meera.bhat482@example.com,+91 9784944881,New,409.07,INR,Credit Card,Success,None,3,1,0,0,2026-08-03 07:23:37,1.0,1,Not Applicable,None,409.07,Low
TXN10323,CUST1227,Vihaan Gupta,vihaan.gupta836@example.com,+91 9560755939,Returning,2761.41,INR,Netbanking,Failed,Temporary bank failure,11,4,1,253,2026-08-18 14:26:28,0.7209,0,Pending Recovery,Smart Retry payment,0.0,Low
TXN10324,CUST1076,Vivaan Malhotra,vivaan.malhotra957@example.com,+91 9965984448,New,17301.19,INR,UPI,Success,None,3,2,0,0,2026-08-01 15:10:20,1.0,1,Not Applicable,None,17301.19,Low
TXN10325,CUST1108,Reyansh Sharma,reyansh.sharma254@example.com,+91 9235528741,Returning,1847.29,INR,Credit Card,Success,None,10,0,0,0,2026-08-14 23:07:13,1.0,1,Not Applicable,None,1847.29,Low
TXN10326,CUST1343,Pari Deshmukh,pari.deshmukh213@example.com,+91 9746889670,Returning,623.7,INR,Credit Card,Failed,Timeout,12,3,0,675,2026-08-03 06:37:01,0.7597,0,Pending Recovery,Smart Retry payment,0.0,Low
TXN10327,CUST1035,Vikram Verma,vikram.verma937@example.com,+91 9133729406,New,343.18,INR,Netbanking,Success,None,2,0,0,0,2026-08-23 20:15:12,1.0,1,Not Applicable,None,343.18,Low
TXN10328,CUST1333,Ayaan Reddy,ayaan.reddy307@example.com,+91 9512477736,New,980.81,INR,Credit Card,Success,None,4,1,0,0,2026-08-25 11:12:02,1.0,1,Not Applicable,None,980.81,Low
TXN10329,CUST1046,Diya Joshi,diya.joshi508@example.com,+91 9266211829,Returning,549.59,INR,Credit Card,Success,None,6,2,0,0,2026-07-29 18:21:39,1.0,1,Not Applicable,None,549.59,Low
TXN10330,CUST1171,Priya Gupta,priya.gupta719@example.com,+91 9526794469,Returning,3976.82,INR,UPI,Success,None,12,0,0,0,2026-08-08 20:29:01,1.0,1,Not Applicable,None,3976.82,Low
TXN10331,CUST1257,Priya Kulkarni,priya.kulkarni96@example.com,+91 9641755366,Enterprise,154.81,INR,UPI,Failed,Bank decline,28,0,0,354,2026-08-28 20:21:02,0.4,0,Pending Recovery,Escalate to support,0.0,Medium
TXN10332,CUST1337,Reyansh Bhat,reyansh.bhat61@example.com,+91 9402104065,Returning,755.9,INR,Credit Card,Success,None,9,5,0,0,2026-08-24 17:13:26,1.0,1,Not Applicable,None,755.9,Low
TXN10333,CUST1294,Vivaan Singh,vivaan.singh820@example.com,+91 9314179101,New,972.48,INR,Netbanking,Failed,Timeout,1,2,2,146,2026-08-14 07:58:42,0.285,0,Pending Recovery,Escalate to support,0.0,High
TXN10334,CUST1269,Myra Chopra,myra.chopra195@example.com,+91 9992649957,New,11450.53,INR,Netbanking,Success,None,3,2,0,0,2026-08-18 02:18:44,1.0,1,Not Applicable,None,11450.53,Low
TXN10335,CUST1035,Vikram Verma,vikram.verma937@example.com,+91 9133729406,New,4793.46,INR,UPI,Recovered,Insufficient funds,3,0,0,426,2026-08-24 23:29:36,0.355,1,Recovered,Escalate to support,4793.46,High
TXN10336,CUST1327,Reyansh Bhat,reyansh.bhat664@example.com,+91 9132519237,Returning,9106.67,INR,Debit Card,Recovered,Payment gateway error,11,4,1,241,2026-08-04 03:50:02,0.6509,1,Recovered,Smart Retry payment,9106.67,Medium
TXN10337,CUST1119,Rahul Patel,rahul.patel471@example.com,+91 9361846370,Returning,2436.69,INR,Credit Card,Success,None,10,4,0,0,2026-08-13 12:57:38,1.0,1,Not Applicable,None,2436.69,Low
TXN10338,CUST1192,Priya Mehta,priya.mehta87@example.com,+91 9251136695,Returning,447.71,INR,Credit Card,Failed,Bank decline,6,4,3,232,2026-08-05 01:56:43,0.05,0,Pending Recovery,Stop further retries,0.0,High
TXN10339,CUST1104,Arjun Bose,arjun.bose276@example.com,+91 9507059676,New,1264.48,INR,Netbanking,Success,None,1,0,0,0,2026-08-24 08:35:58,1.0,1,Not Applicable,None,1264.48,Low
TXN10340,CUST1235,Gauri Malhotra,gauri.malhotra783@example.com,+91 9650127661,Returning,11412.91,INR,Debit Card,Success,None,4,2,0,0,2026-08-23 07:08:50,1.0,1,Not Applicable,None,11412.91,Low
TXN10341,CUST1293,Vikram Chatterjee,vikram.chatterjee840@example.com,+91 9244796859,Returning,3100.4,INR,Netbanking,Success,None,4,3,0,0,2026-08-13 22:44:46,1.0,1,Not Applicable,None,3100.4,Low
TXN10342,CUST1022,Navya Gupta,navya.gupta891@example.com,+91 9112327652,Enterprise,8685.58,INR,Credit Card,Success,None,31,2,0,0,2026-07-30 10:36:08,1.0,1,Not Applicable,None,8685.58,Low
TXN10343,CUST1026,Myra Iyer,myra.iyer790@example.com,+91 9273461957,New,494.6,INR,Netbanking,Success,None,3,2,0,0,2026-08-06 14:39:20,1.0,1,Not Applicable,None,494.6,Low
TXN10344,CUST1028,Amit Singh,amit.singh256@example.com,+91 9709194872,New,4613.8,INR,Credit Card,Success,None,1,1,0,0,2026-08-01 01:29:16,1.0,1,Not Applicable,None,4613.8,Low
TXN10345,CUST1300,Pari Singh,pari.singh91@example.com,+91 9452101316,Returning,15441.02,INR,UPI,Success,None,13,3,0,0,2026-08-11 14:00:39,1.0,1,Not Applicable,None,15441.02,Low
TXN10346,CUST1104,Arjun Bose,arjun.bose276@example.com,+91 9507059676,New,6352.6,INR,UPI,Success,None,2,0,0,0,2026-08-19 09:25:46,1.0,1,Not Applicable,None,6352.6,Low
TXN10347,CUST1047,Reyansh Verma,reyansh.verma565@example.com,+91 9165452690,Returning,503.46,INR,UPI,Success,None,7,0,0,0,2026-08-10 03:55:08,1.0,1,Not Applicable,None,503.46,Low
TXN10348,CUST1082,Diya Bhat,diya.bhat339@example.com,+91 9599277266,Returning,441.55,INR,Debit Card,Success,None,9,3,0,0,2026-08-15 11:08:57,1.0,1,Not Applicable,None,441.55,Low
TXN10349,CUST1075,Myra Kapoor,myra.kapoor931@example.com,+91 9719106699,New,739.84,INR,UPI,Recovered,Temporary bank failure,0,1,0,212,2026-08-21 08:58:20,0.785,1,Recovered,Smart Retry payment,739.84,Low
TXN10350,CUST1130,Ayaan Deshmukh,ayaan.deshmukh24@example.com,+91 9860229059,New,546.86,INR,Credit Card,Success,None,2,0,0,0,2026-08-16 13:59:23,1.0,1,Not Applicable,None,546.86,Low
TXN10351,CUST1338,Amit Chatterjee,amit.chatterjee18@example.com,+91 9215424112,Returning,2640.2,INR,UPI,Success,None,10,1,0,0,2026-08-05 18:04:13,1.0,1,Not Applicable,None,2640.2,Low
TXN10352,CUST1286,Pari Sharma,pari.sharma598@example.com,+91 9359779090,Returning,8114.36,INR,UPI,Failed,Timeout,5,2,1,344,2026-08-08 11:20:53,0.565,0,Pending Recovery,Send payment reminder,0.0,Medium
TXN10353,CUST1026,Myra Iyer,myra.iyer790@example.com,+91 9273461957,New,993.36,INR,UPI,Failed,Timeout,4,2,3,597,2026-08-18 09:12:12,0.1387,0,Pending Recovery,Stop further retries,0.0,High
TXN10354,CUST1019,Saanvi Malhotra,saanvi.malhotra418@example.com,+91 9488690725,VIP,368.37,INR,UPI,Recovered,Payment gateway error,16,0,0,716,2026-07-31 07:46:05,0.9267,1,Recovered,Smart Retry payment,368.37,Low
TXN10355,CUST1169,Shaurya Mehta,shaurya.mehta460@example.com,+91 9207064620,VIP,3098.06,INR,Credit Card,Success,None,24,1,0,0,2026-08-01 20:46:42,1.0,1,Not Applicable,None,3098.06,Low
TXN10356,CUST1045,Ananya Sharma,ananya.sharma281@example.com,+91 9941889393,Enterprise,3753.93,INR,Netbanking,Success,None,23,1,0,0,2026-08-07 01:46:04,1.0,1,Not Applicable,None,3753.93,Low
TXN10357,CUST1270,Priya Nair,priya.nair54@example.com,+91 9541156077,Returning,3492.35,INR,Netbanking,Success,None,7,1,0,0,2026-08-13 11:20:42,1.0,1,Not Applicable,None,3492.35,Low
TXN10358,CUST1093,Sneha Chatterjee,sneha.chatterjee779@example.com,+91 9365471644,Returning,8490.59,INR,UPI,Failed,Customer abandoned checkout,14,2,0,635,2026-08-01 21:15:48,0.62,0,Pending Recovery,Send personalized recovery reminder,0.0,Medium
TXN10359,CUST1212,Karan Deshmukh,karan.deshmukh121@example.com,+91 9585337126,Returning,413.69,INR,Debit Card,Recovered,Temporary bank failure,12,1,0,568,2026-08-17 18:02:39,0.925,1,Recovered,Smart Retry payment,413.69,Low
TXN10360,CUST1004,Aarav Joshi,aarav.joshi675@example.com,+91 9853041955,New,398.95,INR,UPI,Success,None,3,1,0,0,2026-08-27 11:17:15,1.0,1,Not Applicable,None,398.95,Low
TXN10361,CUST1174,Rohan Singh,rohan.singh774@example.com,+91 9197044071,Enterprise,12186.14,INR,Credit Card,Failed,Insufficient funds,21,0,2,478,2026-08-02 02:26:53,0.1385,0,Pending Recovery,Escalate to support,0.0,High
TXN10362,CUST1212,Karan Deshmukh,karan.deshmukh121@example.com,+91 9585337126,Returning,5840.28,INR,Credit Card,Success,None,13,1,0,0,2026-08-18 17:46:05,1.0,1,Not Applicable,None,5840.28,Low
TXN10363,CUST1296,Vivaan Iyer,vivaan.iyer892@example.com,+91 9938422254,Returning,4197.34,INR,Netbanking,Failed,Expired card,2,2,1,174,2026-08-27 05:16:52,0.05,0,Pending Recovery,Escalate to support,0.0,High
TXN10364,CUST1200,Pooja Joshi,pooja.joshi770@example.com,+91 9880179899,Returning,204.16,INR,Debit Card,Recovered,Temporary bank failure,6,3,2,385,2026-08-24 06:54:06,0.5305,1,Recovered,Send payment reminder,204.16,Medium
TXN10365,CUST1155,Pooja Joshi,pooja.joshi65@example.com,+91 9301415220,Returning,371.09,INR,UPI,Success,None,10,3,0,0,2026-08-22 02:07:52,1.0,1,Not Applicable,None,371.09,Low
TXN10366,CUST1013,Vikram Patel,vikram.patel185@example.com,+91 9673528321,Returning,4618.92,INR,UPI,Failed,Payment gateway error,5,1,1,105,2026-08-13 05:10:57,0.6575,0,Pending Recovery,Smart Retry payment,0.0,Medium
TXN10367,CUST1265,Aditya Malhotra,aditya.malhotra28@example.com,+91 9489336282,Returning,1530.74,INR,Debit Card,Success,None,6,1,0,0,2026-08-19 18:32:39,1.0,1,Not Applicable,None,1530.74,Low
TXN10368,CUST1023,Vihaan Joshi,vihaan.joshi797@example.com,+91 9788227492,Returning,3376.56,INR,UPI,Success,None,7,0,0,0,2026-07-30 18:31:13,1.0,1,Not Applicable,None,3376.56,Low
TXN10369,CUST1160,Rohan Reddy,rohan.reddy743@example.com,+91 9413383963,Returning,781.64,INR,Credit Card,Recovered,Customer abandoned checkout,10,2,1,284,2026-08-04 04:11:34,0.4329,1,Recovered,Send personalized recovery reminder,781.64,Medium
TXN10370,CUST1141,Anika Singh,anika.singh305@example.com,+91 9859088046,New,961.47,INR,Credit Card,Failed,Bank decline,1,2,2,592,2026-08-14 16:12:04,0.05,0,Pending Recovery,Escalate to support,0.0,High
TXN10371,CUST1037,Sneha Bhat,sneha.bhat258@example.com,+91 9942478695,Returning,902.02,INR,Credit Card,Recovered,Network error,10,3,0,406,2026-07-30 14:22:43,0.805,1,Recovered,Smart Retry payment,902.02,Low
TXN10372,CUST1306,Ananya Bhat,ananya.bhat167@example.com,+91 9829137330,New,14441.43,INR,Credit Card,Success,None,2,1,0,0,2026-08-08 20:33:59,1.0,1,Not Applicable,None,14441.43,Low
TXN10373,CUST1344,Navya Verma,navya.verma150@example.com,+91 9866213410,New,6178.11,INR,Netbanking,Success,None,1,1,0,0,2026-08-15 00:24:46,1.0,1,Not Applicable,None,6178.11,Low
TXN10374,CUST1240,Ananya Joshi,ananya.joshi522@example.com,+91 9699924859,Returning,378.35,INR,Credit Card,Success,None,12,2,0,0,2026-08-12 21:24:15,1.0,1,Not Applicable,None,378.35,Low
TXN10375,CUST1316,Priya Joshi,priya.joshi915@example.com,+91 9192573170,New,426.1,INR,UPI,Success,None,1,1,0,0,2026-08-08 14:37:56,1.0,1,Not Applicable,None,426.1,Low
TXN10376,CUST1250,Gauri Bhat,gauri.bhat469@example.com,+91 9831361497,Returning,526.8,INR,UPI,Success,None,12,4,0,0,2026-08-03 17:54:45,1.0,1,Not Applicable,None,526.8,Low
TXN10377,CUST1066,Pooja Rao,pooja.rao372@example.com,+91 9937643439,Returning,2622.34,INR,Debit Card,Recovered,Network error,10,3,1,249,2026-08-14 15:02:05,0.625,1,Recovered,Send payment reminder,2622.34,Medium
TXN10378,CUST1281,Vivaan Singh,vivaan.singh493@example.com,+91 9847401602,VIP,533.14,INR,UPI,Recovered,Timeout,12,2,0,715,2026-08-19 03:16:54,0.8269,1,Recovered,Smart Retry payment,533.14,Low
TXN10379,CUST1340,Ananya Verma,ananya.verma209@example.com,+91 9489256938,Returning,3956.73,INR,Debit Card,Success,None,13,2,0,0,2026-08-01 21:01:14,1.0,1,Not Applicable,None,3956.73,Low
TXN10380,CUST1050,Neha Rao,neha.rao974@example.com,+91 9711684318,Returning,7642.43,INR,Wallet,Recovered,Payment gateway error,6,5,0,681,2026-08-01 22:27:24,0.8058,1,Recovered,Smart Retry payment,7642.43,Low
TXN10381,CUST1112,Ananya Iyer,ananya.iyer717@example.com,+91 9991819497,New,18308.04,INR,Netbanking,Success,None,3,0,0,0,2026-07-29 00:19:57,1.0,1,Not Applicable,None,18308.04,Low
TXN10382,CUST1273,Atharva Bhat,atharva.bhat482@example.com,+91 9926178355,Enterprise,653.01,INR,UPI,Failed,Customer abandoned checkout,17,1,2,450,2026-08-24 12:05:59,0.33,0,Pending Recovery,Escalate to support,0.0,High
TXN10383,CUST1177,Navya Malhotra,navya.malhotra821@example.com,+91 9293334613,Returning,57877.25,INR,Credit Card,Success,None,5,1,0,0,2026-08-24 02:38:45,1.0,1,Not Applicable,None,57877.25,Low
TXN10384,CUST1282,Anika Bose,anika.bose937@example.com,+91 9185068029,Returning,20054.82,INR,Credit Card,Success,None,2,3,0,0,2026-08-01 10:10:58,1.0,1,Not Applicable,None,20054.82,Low
TXN10385,CUST1222,Aditya Patel,aditya.patel108@example.com,+91 9899496315,New,2576.68,INR,UPI,Failed,Network error,3,1,0,398,2026-08-09 20:35:40,0.735,0,Pending Recovery,Smart Retry payment,0.0,Low
TXN10386,CUST1185,Sneha Chatterjee,sneha.chatterjee934@example.com,+91 9407298630,VIP,7313.86,INR,Wallet,Success,None,18,2,0,0,2026-08-01 23:01:26,1.0,1,Not Applicable,None,7313.86,Low
TXN10387,CUST1250,Gauri Bhat,gauri.bhat469@example.com,+91 9831361497,Returning,4898.93,INR,UPI,Recovered,Customer abandoned checkout,13,4,2,643,2026-08-22 21:37:07,0.2455,1,Recovered,Escalate to support,4898.93,High
TXN10388,CUST1261,Shaurya Mehta,shaurya.mehta405@example.com,+91 9405100495,Returning,837.06,INR,UPI,Failed,Customer abandoned checkout,6,4,1,280,2026-08-10 15:10:30,0.4025,0,Pending Recovery,Send personalized recovery reminder,0.0,Medium
TXN10389,CUST1280,Shaurya Mehta,shaurya.mehta675@example.com,+91 9460015275,VIP,1133.81,INR,UPI,Success,None,12,0,0,0,2026-08-09 12:20:49,1.0,1,Not Applicable,None,1133.81,Low
TXN10390,CUST1041,Pari Bose,pari.bose197@example.com,+91 9399085574,New,757.16,INR,Wallet,Success,None,2,0,0,0,2026-08-21 16:14:07,1.0,1,Not Applicable,None,757.16,Low
TXN10391,CUST1313,Vikram Patel,vikram.patel307@example.com,+91 9422076028,Returning,524.21,INR,Debit Card,Success,None,6,1,0,0,2026-07-31 20:15:25,1.0,1,Not Applicable,None,524.21,Low
TXN10392,CUST1160,Rohan Reddy,rohan.reddy743@example.com,+91 9413383963,Returning,4613.44,INR,Credit Card,Recovered,Payment gateway error,11,2,0,306,2026-08-12 08:59:14,0.845,1,Recovered,Smart Retry payment,4613.44,Low
TXN10393,CUST1019,Saanvi Malhotra,saanvi.malhotra418@example.com,+91 9488690725,VIP,3389.95,INR,UPI,Success,None,17,0,0,0,2026-08-06 07:14:24,1.0,1,Not Applicable,None,3389.95,Low
TXN10394,CUST1294,Vivaan Singh,vivaan.singh820@example.com,+91 9314179101,New,990.33,INR,Debit Card,Success,None,1,3,0,0,2026-08-06 13:34:50,1.0,1,Not Applicable,None,990.33,Low
TXN10395,CUST1143,Pooja Iyer,pooja.iyer567@example.com,+91 9341387305,Returning,653.22,INR,UPI,Failed,Customer abandoned checkout,12,1,1,383,2026-08-20 17:17:25,0.445,0,Pending Recovery,Send personalized recovery reminder,0.0,Medium
TXN10396,CUST1134,Vihaan Patel,vihaan.patel85@example.com,+91 9719571745,Returning,1944.55,INR,UPI,Success,None,12,0,0,0,2026-07-30 20:05:18,1.0,1,Not Applicable,None,1944.55,Low
TXN10397,CUST1305,Vivaan Reddy,vivaan.reddy807@example.com,+91 9792738367,New,7312.1,INR,Credit Card,Success,None,2,2,0,0,2026-08-21 05:14:56,1.0,1,Not Applicable,None,7312.1,Low
TXN10398,CUST1327,Reyansh Bhat,reyansh.bhat664@example.com,+91 9132519237,Returning,618.98,INR,Debit Card,Recovered,Network error,12,4,0,492,2026-08-06 13:56:38,0.8033,1,Recovered,Smart Retry payment,618.98,Low
TXN10399,CUST1273,Atharva Bhat,atharva.bhat482@example.com,+91 9926178355,Enterprise,714.16,INR,UPI,Failed,Customer abandoned checkout,17,2,0,328,2026-08-14 04:52:47,0.6836,0,Pending Recovery,Send personalized recovery reminder,0.0,Medium
TXN10400,CUST1350,Myra Chatterjee,myra.chatterjee681@example.com,+91 9940636753,Returning,26328.68,INR,Credit Card,Recovered,Payment gateway error,11,4,0,105,2026-08-23 19:12:47,0.8309,1,Recovered,Smart Retry payment,26328.68,Low
TXN10401,CUST1300,Pari Singh,pari.singh91@example.com,+91 9452101316,Returning,794.84,INR,Debit Card,Success,None,14,3,0,0,2026-08-15 17:22:30,1.0,1,Not Applicable,None,794.84,Low
TXN10402,CUST1093,Sneha Chatterjee,sneha.chatterjee779@example.com,+91 9365471644,Returning,108.52,INR,UPI,Recovered,Payment gateway error,14,3,1,262,2026-08-10 17:31:58,0.6634,1,Recovered,Smart Retry payment,108.52,Medium
TXN10403,CUST1013,Vikram Patel,vikram.patel185@example.com,+91 9673528321,Returning,1227.47,INR,Credit Card,Success,None,5,2,0,0,2026-08-04 22:41:52,1.0,1,Not Applicable,None,1227.47,Low
TXN10404,CUST1062,Krishna Nair,krishna.nair574@example.com,+91 9857704655,Returning,643.22,INR,UPI,Success,None,8,5,0,0,2026-08-18 01:49:33,1.0,1,Not Applicable,None,643.22,Low
TXN10405,CUST1057,Myra Kapoor,myra.kapoor846@example.com,+91 9695499669,New,2013.09,INR,Credit Card,Success,None,2,2,0,0,2026-08-17 22:05:39,1.0,1,Not Applicable,None,2013.09,Low
TXN10406,CUST1219,Sneha Iyer,sneha.iyer919@example.com,+91 9345343109,Returning,3669.65,INR,Debit Card,Failed,Network error,8,2,3,269,2026-08-21 13:14:38,0.2675,0,Pending Recovery,Stop further retries,0.0,High
TXN10407,CUST1136,Vihaan Joshi,vihaan.joshi630@example.com,+91 9740086326,Returning,161.46,INR,Wallet,Recovered,Timeout,11,1,0,633,2026-08-10 06:19:41,0.7736,1,Recovered,Smart Retry payment,161.46,Low
TXN10408,CUST1227,Vihaan Gupta,vihaan.gupta836@example.com,+91 9560755939,Returning,1413.05,INR,UPI,Success,None,11,5,0,0,2026-08-05 20:14:41,1.0,1,Not Applicable,None,1413.05,Low
TXN10409,CUST1077,Sneha Iyer,sneha.iyer81@example.com,+91 9813219781,Returning,1003.47,INR,UPI,Recovered,Temporary bank failure,7,4,1,507,2026-08-02 17:48:24,0.7073,1,Recovered,Smart Retry payment,1003.47,Low
TXN10410,CUST1207,Saanvi Iyer,saanvi.iyer248@example.com,+91 9452788129,VIP,16713.27,INR,Debit Card,Success,None,14,3,0,0,2026-07-29 21:48:35,1.0,1,Not Applicable,None,16713.27,Low
TXN10411,CUST1247,Navya Mehta,navya.mehta208@example.com,+91 9933468715,Returning,580.77,INR,Wallet,Recovered,Timeout,7,2,0,353,2026-08-07 00:57:52,0.7541,1,Recovered,Smart Retry payment,580.77,Low
TXN10412,CUST1236,Diya Mehta,diya.mehta704@example.com,+91 9736873048,Returning,2159.54,INR,UPI,Success,None,12,4,0,0,2026-08-27 12:46:43,1.0,1,Not Applicable,None,2159.54,Low
TXN10413,CUST1200,Pooja Joshi,pooja.joshi770@example.com,+91 9880179899,Returning,14458.63,INR,UPI,Recovered,Temporary bank failure,7,3,1,612,2026-08-17 13:20:17,0.715,1,Recovered,Smart Retry payment,14458.63,Low
TXN10414,CUST1200,Pooja Joshi,pooja.joshi770@example.com,+91 9880179899,Returning,585.5,INR,UPI,Success,None,8,3,0,0,2026-08-23 08:39:07,1.0,1,Not Applicable,None,585.5,Low
TXN10415,CUST1019,Saanvi Malhotra,saanvi.malhotra418@example.com,+91 9488690725,VIP,402.95,INR,Debit Card,Success,None,18,0,0,0,2026-08-04 20:38:23,1.0,1,Not Applicable,None,402.95,Low
TXN10416,CUST1348,Ishaan Chatterjee,ishaan.chatterjee387@example.com,+91 9455665802,VIP,13047.88,INR,Debit Card,Recovered,Temporary bank failure,30,0,2,638,2026-07-31 17:56:20,0.6403,1,Recovered,Send payment reminder,13047.88,Medium
TXN10417,CUST1333,Ayaan Reddy,ayaan.reddy307@example.com,+91 9512477736,New,254.02,INR,UPI,Recovered,Timeout,5,1,2,113,2026-08-22 02:48:01,0.3375,1,Recovered,Escalate to support,254.02,High
TXN10418,CUST1305,Vivaan Reddy,vivaan.reddy807@example.com,+91 9792738367,New,1882.07,INR,Debit Card,Success,None,3,2,0,0,2026-08-23 04:13:52,1.0,1,Not Applicable,None,1882.07,Low
TXN10419,CUST1167,Ayaan Malhotra,ayaan.malhotra772@example.com,+91 9607854378,New,714.68,INR,Credit Card,Recovered,Temporary bank failure,4,2,0,285,2026-08-27 00:12:22,0.8287,1,Recovered,Smart Retry payment,714.68,Low
TXN10420,CUST1213,Myra Verma,myra.verma940@example.com,+91 9807491789,Returning,431.93,INR,UPI,Recovered,Timeout,10,2,0,166,2026-08-15 11:33:13,0.7629,1,Recovered,Smart Retry payment,431.93,Low
TXN10421,CUST1250,Gauri Bhat,gauri.bhat469@example.com,+91 9831361497,Returning,105.5,INR,Netbanking,Success,None,14,4,0,0,2026-08-15 23:22:20,1.0,1,Not Applicable,None,105.5,Low
TXN10422,CUST1244,Priya Menon,priya.menon716@example.com,+91 9488536370,Returning,1824.43,INR,Credit Card,Success,None,3,4,0,0,2026-08-11 03:31:03,1.0,1,Not Applicable,None,1824.43,Low
TXN10423,CUST1020,Navya Chatterjee,navya.chatterjee58@example.com,+91 9217734861,New,3868.08,INR,Credit Card,Failed,Timeout,1,2,0,547,2026-08-22 23:05:10,0.645,0,Pending Recovery,Send payment reminder,0.0,Medium
TXN10424,CUST1317,Ananya Chatterjee,ananya.chatterjee797@example.com,+91 9539625898,Returning,784.02,INR,Credit Card,Failed,Temporary bank failure,11,0,1,706,2026-08-21 14:45:12,0.7535,0,Pending Recovery,Smart Retry payment,0.0,Low
TXN10425,CUST1243,Vikram Malhotra,vikram.malhotra424@example.com,+91 9122394554,Returning,1638.88,INR,Netbanking,Recovered,Timeout,7,2,2,469,2026-08-08 23:57:55,0.3941,1,Recovered,Escalate to support,1638.88,High
TXN10426,CUST1027,Meera Sharma,meera.sharma510@example.com,+91 9120912992,Returning,7638.14,INR,Debit Card,Success,None,3,2,0,0,2026-08-02 05:32:29,1.0,1,Not Applicable,None,7638.14,Low
TXN10427,CUST1304,Priya Nair,priya.nair156@example.com,+91 9752376434,Enterprise,2675.85,INR,Debit Card,Success,None,30,1,0,0,2026-08-04 21:04:52,1.0,1,Not Applicable,None,2675.85,Low
TXN10428,CUST1122,Pari Sharma,pari.sharma205@example.com,+91 9191926217,Returning,4478.68,INR,UPI,Recovered,Temporary bank failure,5,3,2,470,2026-08-12 11:48:30,0.525,1,Recovered,Send payment reminder,4478.68,Medium
TXN10429,CUST1192,Priya Mehta,priya.mehta87@example.com,+91 9251136695,Returning,746.84,INR,Credit Card,Success,None,6,5,0,0,2026-08-04 01:52:36,1.0,1,Not Applicable,None,746.84,Low
TXN10430,CUST1031,Diya Iyer,diya.iyer783@example.com,+91 9883757514,VIP,199.0,INR,Credit Card,Success,None,32,1,0,0,2026-08-20 21:28:11,1.0,1,Not Applicable,None,199.0,Low
TXN10431,CUST1081,Ishaan Chopra,ishaan.chopra10@example.com,+91 9426283245,Returning,3551.36,INR,Credit Card,Failed,Insufficient funds,7,1,0,226,2026-08-27 18:55:35,0.415,0,Pending Recovery,Send payment reminder,0.0,Medium
TXN10432,CUST1237,Pooja Singh,pooja.singh414@example.com,+91 9743520276,New,756.02,INR,Debit Card,Failed,Timeout,1,0,0,592,2026-08-08 06:32:10,0.685,0,Pending Recovery,Smart Retry payment,0.0,Medium
TXN10433,CUST1214,Gauri Sharma,gauri.sharma500@example.com,+91 9531233244,New,22603.81,INR,Credit Card,Success,None,1,2,0,0,2026-07-30 09:34:20,1.0,1,Not Applicable,None,22603.81,Low
TXN10434,CUST1051,Myra Verma,myra.verma439@example.com,+91 9805849060,Returning,1961.81,INR,Credit Card,Recovered,Payment gateway error,11,4,1,97,2026-08-20 17:32:37,0.6509,1,Recovered,Smart Retry payment,1961.81,Medium
TXN10435,CUST1343,Pari Deshmukh,pari.deshmukh213@example.com,+91 9746889670,Returning,731.97,INR,Netbanking,Success,None,12,4,0,0,2026-07-30 01:28:35,1.0,1,Not Applicable,None,731.97,Low
TXN10436,CUST1208,Aarav Gupta,aarav.gupta158@example.com,+91 9239577989,VIP,883.4,INR,Credit Card,Success,None,25,1,0,0,2026-07-29 12:28:00,1.0,1,Not Applicable,None,883.4,Low
TXN10437,CUST1171,Priya Gupta,priya.gupta719@example.com,+91 9526794469,Returning,2186.06,INR,Debit Card,Success,None,13,0,0,0,2026-08-16 19:06:48,1.0,1,Not Applicable,None,2186.06,Low
TXN10438,CUST1042,Neha Patel,neha.patel892@example.com,+91 9690907304,Returning,2342.44,INR,Netbanking,Success,None,3,0,0,0,2026-08-25 12:18:14,1.0,1,Not Applicable,None,2342.44,Low
TXN10439,CUST1197,Ayaan Patel,ayaan.patel485@example.com,+91 9852775879,Returning,656.22,INR,UPI,Failed,Payment gateway error,7,3,3,249,2026-08-14 17:14:46,0.285,0,Pending Recovery,Stop further retries,0.0,High
TXN10440,CUST1333,Ayaan Reddy,ayaan.reddy307@example.com,+91 9512477736,New,4755.65,INR,Credit Card,Success,None,6,1,0,0,2026-08-04 21:05:14,1.0,1,Not Applicable,None,4755.65,Low
TXN10441,CUST1181,Sai Patel,sai.patel363@example.com,+91 9730900313,Returning,12552.99,INR,UPI,Failed,Insufficient funds,6,3,0,549,2026-08-09 12:00:10,0.3905,0,Pending Recovery,Escalate to support,0.0,High
TXN10442,CUST1273,Atharva Bhat,atharva.bhat482@example.com,+91 9926178355,Enterprise,11779.22,INR,UPI,Success,None,17,3,0,0,2026-08-19 15:09:48,1.0,1,Not Applicable,None,11779.22,Low
TXN10443,CUST1097,Aditya Malhotra,aditya.malhotra565@example.com,+91 9600282414,Returning,11867.65,INR,UPI,Success,None,8,1,0,0,2026-08-07 10:25:00,1.0,1,Not Applicable,None,11867.65,Low
TXN10444,CUST1142,Neha Bose,neha.bose249@example.com,+91 9384063364,New,232.16,INR,UPI,Failed,Customer abandoned checkout,2,2,2,490,2026-08-26 11:07:31,0.15,0,Pending Recovery,Escalate to support,0.0,High
TXN10445,CUST1228,Myra Joshi,myra.joshi961@example.com,+91 9806340901,New,1085.91,INR,UPI,Failed,Payment gateway error,2,1,1,676,2026-08-22 17:49:31,0.575,0,Pending Recovery,Send payment reminder,0.0,Medium
TXN10446,CUST1168,Ananya Reddy,ananya.reddy47@example.com,+91 9235555899,Returning,3662.76,INR,Credit Card,Success,None,10,4,0,0,2026-08-12 04:22:25,1.0,1,Not Applicable,None,3662.76,Low
TXN10447,CUST1157,Pari Reddy,pari.reddy458@example.com,+91 9849740261,VIP,333.01,INR,Credit Card,Success,None,23,0,0,0,2026-08-21 00:20:02,1.0,1,Not Applicable,None,333.01,Low
TXN10448,CUST1234,Pooja Patel,pooja.patel687@example.com,+91 9555282394,Returning,60210.96,INR,UPI,Success,None,10,4,0,0,2026-08-03 12:39:00,1.0,1,Not Applicable,None,60210.96,Low
TXN10449,CUST1342,Pooja Menon,pooja.menon109@example.com,+91 9522950895,New,1644.86,INR,UPI,Success,None,2,1,0,0,2026-08-15 12:50:26,1.0,1,Not Applicable,None,1644.86,Low
TXN10450,CUST1106,Krishna Patel,krishna.patel777@example.com,+91 9679196799,Returning,1138.72,INR,UPI,Failed,Payment gateway error,2,2,2,419,2026-08-09 13:45:14,0.44,0,Pending Recovery,Send payment reminder,0.0,Medium
TXN10451,CUST1075,Myra Kapoor,myra.kapoor931@example.com,+91 9719106699,New,18916.24,INR,UPI,Success,None,1,1,0,0,2026-08-14 18:12:36,1.0,1,Not Applicable,None,18916.24,Low
TXN10452,CUST1152,Shaurya Mehta,shaurya.mehta347@example.com,+91 9542000551,VIP,2159.02,INR,Netbanking,Success,None,31,2,0,0,2026-08-15 05:42:04,1.0,1,Not Applicable,None,2159.02,Low
TXN10453,CUST1227,Vihaan Gupta,vihaan.gupta836@example.com,+91 9560755939,Returning,200.08,INR,Credit Card,Recovered,Timeout,12,5,0,370,2026-08-18 07:33:25,0.7476,1,Recovered,Smart Retry payment,200.08,Low
TXN10454,CUST1029,Sneha Chatterjee,sneha.chatterjee788@example.com,+91 9671988889,VIP,1780.4,INR,Credit Card,Success,None,12,0,0,0,2026-08-21 01:34:14,1.0,1,Not Applicable,None,1780.4,Low
TXN10455,CUST1229,Aarav Nair,aarav.nair790@example.com,+91 9431769776,Returning,4829.54,INR,Wallet,Recovered,Temporary bank failure,9,2,1,412,2026-08-13 04:11:22,0.7304,1,Recovered,Smart Retry payment,4829.54,Low
TXN10456,CUST1219,Sneha Iyer,sneha.iyer919@example.com,+91 9345343109,Returning,434.55,INR,UPI,Failed,Customer abandoned checkout,8,3,0,430,2026-08-28 00:41:26,0.5988,0,Pending Recovery,Send personalized recovery reminder,0.0,Medium
TXN10457,CUST1148,Krishna Sharma,krishna.sharma994@example.com,+91 9824022357,New,754.2,INR,Netbanking,Success,None,4,2,0,0,2026-08-11 02:42:10,1.0,1,Not Applicable,None,754.2,Low
TXN10458,CUST1074,Vivaan Mehta,vivaan.mehta363@example.com,+91 9882269302,Returning,526.15,INR,Netbanking,Success,None,9,3,0,0,2026-07-31 19:06:27,1.0,1,Not Applicable,None,526.15,Low
TXN10459,CUST1046,Diya Joshi,diya.joshi508@example.com,+91 9266211829,Returning,673.93,INR,UPI,Failed,Temporary bank failure,7,2,2,301,2026-08-12 07:21:59,0.5441,0,Pending Recovery,Send payment reminder,0.0,Medium
TXN10460,CUST1022,Navya Gupta,navya.gupta891@example.com,+91 9112327652,Enterprise,9529.59,INR,Credit Card,Success,None,32,2,0,0,2026-08-20 07:19:00,1.0,1,Not Applicable,None,9529.59,Low
TXN10461,CUST1079,Shaurya Chopra,shaurya.chopra577@example.com,+91 9236674237,Returning,959.42,INR,Debit Card,Success,None,5,3,0,0,2026-08-18 08:21:57,1.0,1,Not Applicable,None,959.42,Low
TXN10462,CUST1252,Ishaan Gupta,ishaan.gupta370@example.com,+91 9644748834,Returning,14671.14,INR,UPI,Success,None,3,4,0,0,2026-08-13 14:35:16,1.0,1,Not Applicable,None,14671.14,Low
TXN10463,CUST1186,Priya Deshmukh,priya.deshmukh204@example.com,+91 9766676815,New,3261.73,INR,Netbanking,Success,None,1,2,0,0,2026-08-12 19:30:47,1.0,1,Not Applicable,None,3261.73,Low
TXN10464,CUST1263,Ishaan Chopra,ishaan.chopra735@example.com,+91 9190966348,New,1070.16,INR,UPI,Success,None,2,2,0,0,2026-08-02 17:10:58,1.0,1,Not Applicable,None,1070.16,Low
TXN10465,CUST1183,Vihaan Rao,vihaan.rao377@example.com,+91 9717199615,Returning,344.4,INR,UPI,Success,None,6,3,0,0,2026-08-08 20:10:29,1.0,1,Not Applicable,None,344.4,Low
TXN10466,CUST1040,Sneha Kulkarni,sneha.kulkarni121@example.com,+91 9366992705,VIP,4065.0,INR,UPI,Recovered,Insufficient funds,16,0,1,313,2026-08-20 23:56:03,0.3167,1,Recovered,Escalate to support,4065.0,High
TXN10467,CUST1186,Priya Deshmukh,priya.deshmukh204@example.com,+91 9766676815,New,621.04,INR,Debit Card,Recovered,Payment gateway error,2,2,2,109,2026-08-13 18:49:03,0.38,1,Recovered,Escalate to support,621.04,High
TXN10468,CUST1258,Vivaan Rao,vivaan.rao459@example.com,+91 9662714327,Returning,268.58,INR,Netbanking,Success,None,10,4,0,0,2026-08-23 07:54:41,1.0,1,Not Applicable,None,268.58,Low
TXN10469,CUST1283,Reyansh Reddy,reyansh.reddy754@example.com,+91 9753780028,Returning,4209.52,INR,UPI,Success,None,11,3,0,0,2026-08-01 11:38:28,1.0,1,Not Applicable,None,4209.52,Low
TXN10470,CUST1179,Meera Bhat,meera.bhat482@example.com,+91 9784944881,New,425.31,INR,Debit Card,Success,None,4,1,0,0,2026-08-16 12:53:04,1.0,1,Not Applicable,None,425.31,Low
TXN10471,CUST1156,Myra Chatterjee,myra.chatterjee788@example.com,+91 9155417727,Returning,832.12,INR,UPI,Success,None,6,2,0,0,2026-08-02 08:30:42,1.0,1,Not Applicable,None,832.12,Low
TXN10472,CUST1067,Myra Reddy,myra.reddy252@example.com,+91 9274484941,VIP,47612.33,INR,Debit Card,Recovered,Temporary bank failure,14,1,0,680,2026-07-29 21:46:51,0.95,1,Recovered,Smart Retry payment,47612.33,Low
TXN10473,CUST1031,Diya Iyer,diya.iyer783@example.com,+91 9883757514,VIP,4633.21,INR,UPI,Recovered,Timeout,33,1,1,209,2026-07-29 06:24:57,0.6667,1,Recovered,Smart Retry payment,4633.21,Medium
TXN10474,CUST1180,Krishna Sharma,krishna.sharma486@example.com,+91 9408842146,VIP,230.0,INR,Debit Card,Failed,Customer abandoned checkout,29,2,1,522,2026-08-15 15:02:27,0.5114,0,Pending Recovery,Send personalized recovery reminder,0.0,Medium
TXN10475,CUST1051,Myra Verma,myra.verma439@example.com,+91 9805849060,Returning,16447.9,INR,Credit Card,Success,None,12,4,0,0,2026-08-26 23:38:26,1.0,1,Not Applicable,None,16447.9,Low
TXN10476,CUST1003,Diya Verma,diya.verma233@example.com,+91 9349817734,New,26414.57,INR,UPI,Success,None,2,2,0,0,2026-08-19 11:16:16,1.0,1,Not Applicable,None,26414.57,Low
TXN10477,CUST1226,Arjun Chatterjee,arjun.chatterjee120@example.com,+91 9475932035,New,1429.19,INR,Debit Card,Success,None,3,1,0,0,2026-08-11 02:15:11,1.0,1,Not Applicable,None,1429.19,Low
TXN10478,CUST1161,Diya Chatterjee,diya.chatterjee259@example.com,+91 9590470737,Enterprise,198.28,INR,UPI,Success,None,26,0,0,0,2026-08-19 12:56:19,1.0,1,Not Applicable,None,198.28,Low
TXN10479,CUST1168,Ananya Reddy,ananya.reddy47@example.com,+91 9235555899,Returning,2538.74,INR,Credit Card,Success,None,11,4,0,0,2026-08-19 06:55:09,1.0,1,Not Applicable,None,2538.74,Low
TXN10480,CUST1209,Priya Nair,priya.nair897@example.com,+91 9127681228,New,868.83,INR,UPI,Failed,Temporary bank failure,1,1,3,508,2026-08-23 13:50:55,0.27,0,Pending Recovery,Stop further retries,0.0,High
TXN10481,CUST1203,Pooja Deshmukh,pooja.deshmukh670@example.com,+91 9485123110,Returning,691.69,INR,UPI,Failed,Bank decline,2,3,3,71,2026-08-10 10:48:39,0.05,0,Pending Recovery,Stop further retries,0.0,High
TXN10482,CUST1102,Sneha Nair,sneha.nair951@example.com,+91 9237039296,VIP,634.46,INR,Wallet,Failed,Customer abandoned checkout,29,2,1,284,2026-08-23 17:04:14,0.5114,0,Pending Recovery,Send personalized recovery reminder,0.0,Medium
TXN10483,CUST1330,Anika Bose,anika.bose631@example.com,+91 9254263081,New,10341.1,INR,Credit Card,Success,None,1,2,0,0,2026-08-27 23:36:09,1.0,1,Not Applicable,None,10341.1,Low
TXN10484,CUST1233,Myra Patel,myra.patel169@example.com,+91 9269017588,VIP,324.62,INR,Credit Card,Success,None,27,0,0,0,2026-08-01 23:56:21,1.0,1,Not Applicable,None,324.62,Low
TXN10485,CUST1035,Vikram Verma,vikram.verma937@example.com,+91 9133729406,New,1106.97,INR,UPI,Success,None,4,0,0,0,2026-08-07 23:39:46,1.0,1,Not Applicable,None,1106.97,Low
TXN10486,CUST1040,Sneha Kulkarni,sneha.kulkarni121@example.com,+91 9366992705,VIP,3079.28,INR,Credit Card,Success,None,17,0,0,0,2026-08-07 03:59:30,1.0,1,Not Applicable,None,3079.28,Low
TXN10487,CUST1278,Amit Deshmukh,amit.deshmukh434@example.com,+91 9157184151,VIP,872.71,INR,Credit Card,Success,None,20,2,0,0,2026-07-30 06:13:42,1.0,1,Not Applicable,None,872.71,Low
TXN10488,CUST1197,Ayaan Patel,ayaan.patel485@example.com,+91 9852775879,Returning,4410.64,INR,UPI,Recovered,Insufficient funds,7,4,0,446,2026-08-03 19:57:25,0.3873,1,Recovered,Escalate to support,4410.64,High
TXN10489,CUST1200,Pooja Joshi,pooja.joshi770@example.com,+91 9880179899,Returning,1437.42,INR,Credit Card,Success,None,9,3,0,0,2026-08-18 23:46:36,1.0,1,Not Applicable,None,1437.42,Low
TXN10490,CUST1081,Ishaan Chopra,ishaan.chopra10@example.com,+91 9426283245,Returning,2565.15,INR,Credit Card,Success,None,7,2,0,0,2026-08-16 17:57:00,1.0,1,Not Applicable,None,2565.15,Low
TXN10491,CUST1165,Gauri Joshi,gauri.joshi350@example.com,+91 9692616814,Returning,630.42,INR,UPI,Recovered,Timeout,10,4,0,443,2026-08-22 17:44:26,0.7481,1,Recovered,Smart Retry payment,630.42,Low
TXN10492,CUST1183,Vihaan Rao,vihaan.rao377@example.com,+91 9717199615,Returning,149.8,INR,UPI,Recovered,Insufficient funds,7,3,0,178,2026-08-07 08:01:13,0.395,1,Recovered,Escalate to support,149.8,High
TXN10493,CUST1167,Ayaan Malhotra,ayaan.malhotra772@example.com,+91 9607854378,New,690.99,INR,UPI,Success,None,5,2,0,0,2026-08-10 12:51:14,1.0,1,Not Applicable,None,690.99,Low
TXN10494,CUST1012,Rahul Deshmukh,rahul.deshmukh373@example.com,+91 9324956459,New,44552.94,INR,UPI,Success,None,3,1,0,0,2026-08-22 05:38:19,1.0,1,Not Applicable,None,44552.94,Low
TXN10495,CUST1173,Rohan Chatterjee,rohan.chatterjee46@example.com,+91 9762992051,VIP,4245.02,INR,Credit Card,Failed,Timeout,13,0,3,82,2026-08-07 18:49:43,0.305,0,Pending Recovery,Stop further retries,0.0,High
TXN10496,CUST1275,Arjun Gupta,arjun.gupta502@example.com,+91 9498585961,New,337.64,INR,UPI,Success,None,5,0,0,0,2026-08-22 15:17:59,1.0,1,Not Applicable,None,337.64,Low
TXN10497,CUST1297,Krishna Mehta,krishna.mehta457@example.com,+91 9529520110,Returning,402.15,INR,UPI,Success,None,9,3,0,0,2026-08-12 08:28:41,1.0,1,Not Applicable,None,402.15,Low
TXN10498,CUST1334,Ayaan Nair,ayaan.nair966@example.com,+91 9720286733,VIP,12569.09,INR,UPI,Success,None,18,0,0,0,2026-08-07 16:04:08,1.0,1,Not Applicable,None,12569.09,Low
TXN10499,CUST1264,Ananya Kulkarni,ananya.kulkarni696@example.com,+91 9854658900,VIP,4053.01,INR,UPI,Recovered,Payment gateway error,30,2,3,483,2026-08-19 19:29:12,0.3818,1,Recovered,Stop further retries,4053.01,High
TXN10500,CUST1327,Reyansh Bhat,reyansh.bhat664@example.com,+91 9132519237,Returning,3457.07,INR,Debit Card,Success,None,13,4,0,0,2026-08-15 11:12:41,1.0,1,Not Applicable,None,3457.07,Low
TXN10501,CUST1187,Karan Reddy,karan.reddy935@example.com,+91 9773728014,Returning,1961.26,INR,Debit Card,Success,None,12,0,0,0,2026-08-23 14:43:41,1.0,1,Not Applicable,None,1961.26,Low
TXN10502,CUST1033,Amit Kapoor,amit.kapoor263@example.com,+91 9341266931,Returning,4383.02,INR,UPI,Recovered,Payment gateway error,4,2,0,33,2026-08-03 08:19:44,0.8188,1,Recovered,Smart Retry payment,4383.02,Low
TXN10503,CUST1159,Aarav Joshi,aarav.joshi240@example.com,+91 9221827951,Returning,3238.74,INR,UPI,Success,None,9,0,0,0,2026-07-30 03:07:14,1.0,1,Not Applicable,None,3238.74,Low
TXN10504,CUST1133,Anika Bose,anika.bose998@example.com,+91 9155165334,Returning,2110.81,INR,Credit Card,Success,None,7,3,0,0,2026-07-30 20:28:19,1.0,1,Not Applicable,None,2110.81,Low
TXN10505,CUST1029,Sneha Chatterjee,sneha.chatterjee788@example.com,+91 9671988889,VIP,6258.86,INR,Credit Card,Success,None,13,0,0,0,2026-08-25 06:48:39,1.0,1,Not Applicable,None,6258.86,Low
TXN10506,CUST1337,Reyansh Bhat,reyansh.bhat61@example.com,+91 9402104065,Returning,10953.03,INR,Debit Card,Success,None,10,5,0,0,2026-08-05 12:15:08,1.0,1,Not Applicable,None,10953.03,Low
TXN10507,CUST1062,Krishna Nair,krishna.nair574@example.com,+91 9857704655,Returning,4315.1,INR,Netbanking,Success,None,9,5,0,0,2026-08-06 06:33:34,1.0,1,Not Applicable,None,4315.1,Low
TXN10508,CUST1063,Aarav Mehta,aarav.mehta914@example.com,+91 9841976666,New,2253.33,INR,Debit Card,Success,None,0,2,0,0,2026-08-22 18:54:55,1.0,1,Not Applicable,None,2253.33,Low
TXN10509,CUST1112,Ananya Iyer,ananya.iyer717@example.com,+91 9991819497,New,256.64,INR,Wallet,Success,None,4,0,0,0,2026-08-06 01:49:08,1.0,1,Not Applicable,None,256.64,Low
TXN10510,CUST1192,Priya Mehta,priya.mehta87@example.com,+91 9251136695,Returning,1451.73,INR,Credit Card,Success,None,7,5,0,0,2026-08-05 13:12:26,1.0,1,Not Applicable,None,1451.73,Low
TXN10511,CUST1075,Myra Kapoor,myra.kapoor931@example.com,+91 9719106699,New,743.1,INR,Debit Card,Failed,Customer abandoned checkout,2,1,2,712,2026-08-27 11:32:22,0.165,0,Pending Recovery,Escalate to support,0.0,High
TXN10512,CUST1344,Navya Verma,navya.verma150@example.com,+91 9866213410,New,596.46,INR,UPI,Success,None,2,1,0,0,2026-08-09 12:44:09,1.0,1,Not Applicable,None,596.46,Low
TXN10513,CUST1122,Pari Sharma,pari.sharma205@example.com,+91 9191926217,Returning,10826.68,INR,Netbanking,Failed,Insufficient funds,6,3,0,220,2026-08-27 10:47:57,0.3905,0,Pending Recovery,Escalate to support,0.0,High
TXN10514,CUST1083,Pooja Iyer,pooja.iyer822@example.com,+91 9954725078,Returning,14469.66,INR,Netbanking,Success,None,5,0,0,0,2026-08-10 02:50:15,1.0,1,Not Applicable,None,14469.66,Low
TXN10515,CUST1252,Ishaan Gupta,ishaan.gupta370@example.com,+91 9644748834,Returning,2651.43,INR,Debit Card,Success,None,4,4,0,0,2026-08-24 23:37:22,1.0,1,Not Applicable,None,2651.43,Low
TXN10516,CUST1134,Vihaan Patel,vihaan.patel85@example.com,+91 9719571745,Returning,2407.07,INR,Credit Card,Success,None,13,0,0,0,2026-08-20 10:20:09,1.0,1,Not Applicable,None,2407.07,Low
TXN10517,CUST1027,Meera Sharma,meera.sharma510@example.com,+91 9120912992,Returning,1734.77,INR,UPI,Success,None,4,2,0,0,2026-07-29 03:47:43,1.0,1,Not Applicable,None,1734.77,Low
TXN10518,CUST1295,Meera Singh,meera.singh844@example.com,+91 9683074770,Returning,241.04,INR,Credit Card,Success,None,10,2,0,0,2026-08-23 13:06:41,1.0,1,Not Applicable,None,241.04,Low
TXN10519,CUST1211,Arjun Malhotra,arjun.malhotra773@example.com,+91 9168244921,Returning,2277.28,INR,Credit Card,Success,None,10,3,0,0,2026-08-06 08:59:34,1.0,1,Not Applicable,None,2277.28,Low
TXN10520,CUST1145,Myra Bhat,myra.bhat459@example.com,+91 9233523720,VIP,472.05,INR,UPI,Success,None,22,2,0,0,2026-08-27 01:27:51,1.0,1,Not Applicable,None,472.05,Low
TXN10521,CUST1012,Rahul Deshmukh,rahul.deshmukh373@example.com,+91 9324956459,New,14705.95,INR,Credit Card,Success,None,4,1,0,0,2026-08-27 07:18:00,1.0,1,Not Applicable,None,14705.95,Low
TXN10522,CUST1087,Amit Bhat,amit.bhat723@example.com,+91 9512293741,New,655.2,INR,Credit Card,Failed,Temporary bank failure,1,1,1,469,2026-08-26 18:55:58,0.63,0,Pending Recovery,Send payment reminder,0.0,Medium
TXN10523,CUST1254,Rohan Patel,rohan.patel529@example.com,+91 9512834919,Returning,741.21,INR,UPI,Success,None,9,4,0,0,2026-08-21 14:54:55,1.0,1,Not Applicable,None,741.21,Low
TXN10524,CUST1067,Myra Reddy,myra.reddy252@example.com,+91 9274484941,VIP,284.95,INR,UPI,Success,None,15,1,0,0,2026-08-19 20:26:27,1.0,1,Not Applicable,None,284.95,Low
TXN10525,CUST1075,Myra Kapoor,myra.kapoor931@example.com,+91 9719106699,New,977.52,INR,UPI,Success,None,2,2,0,0,2026-08-05 21:30:38,1.0,1,Not Applicable,None,977.52,Low
TXN10526,CUST1044,Diya Chatterjee,diya.chatterjee895@example.com,+91 9530613729,Returning,218.88,INR,UPI,Success,None,2,2,0,0,2026-08-19 04:18:56,1.0,1,Not Applicable,None,218.88,Low
TXN10527,CUST1306,Ananya Bhat,ananya.bhat167@example.com,+91 9829137330,New,184.75,INR,UPI,Failed,Bank decline,3,1,3,617,2026-08-05 19:38:01,0.05,0,Pending Recovery,Stop further retries,0.0,High
TXN10528,CUST1024,Ishaan Malhotra,ishaan.malhotra13@example.com,+91 9875340444,New,553.09,INR,UPI,Success,None,3,1,0,0,2026-08-18 03:54:21,1.0,1,Not Applicable,None,553.09,Low
TXN10529,CUST1022,Navya Gupta,navya.gupta891@example.com,+91 9112327652,Enterprise,2040.91,INR,Credit Card,Success,None,33,2,0,0,2026-08-24 08:06:37,1.0,1,Not Applicable,None,2040.91,Low
TXN10530,CUST1272,Pari Rao,pari.rao838@example.com,+91 9942211135,Returning,333.37,INR,UPI,Success,None,9,2,0,0,2026-08-13 18:46:26,1.0,1,Not Applicable,None,333.37,Low
TXN10531,CUST1185,Sneha Chatterjee,sneha.chatterjee934@example.com,+91 9407298630,VIP,9243.6,INR,Netbanking,Success,None,19,2,0,0,2026-08-20 23:22:43,1.0,1,Not Applicable,None,9243.6,Low
TXN10532,CUST1085,Pooja Singh,pooja.singh213@example.com,+91 9258220114,New,994.11,INR,Debit Card,Recovered,Temporary bank failure,0,0,0,240,2026-08-24 02:46:06,0.81,1,Recovered,Smart Retry payment,994.11,Low
TXN10533,CUST1241,Aditya Chopra,aditya.chopra53@example.com,+91 9568387228,VIP,734.37,INR,UPI,Success,None,8,1,0,0,2026-08-25 17:33:21,1.0,1,Not Applicable,None,734.37,Low
TXN10534,CUST1288,Pooja Patel,pooja.patel379@example.com,+91 9172670118,Returning,2971.46,INR,Debit Card,Success,None,11,4,0,0,2026-08-01 16:42:56,1.0,1,Not Applicable,None,2971.46,Low
TXN10535,CUST1093,Sneha Chatterjee,sneha.chatterjee779@example.com,+91 9365471644,Returning,16248.3,INR,Debit Card,Success,None,15,3,0,0,2026-08-18 00:00:14,1.0,1,Not Applicable,None,16248.3,Low
TXN10536,CUST1003,Diya Verma,diya.verma233@example.com,+91 9349817734,New,3282.58,INR,UPI,Recovered,Temporary bank failure,3,2,1,701,2026-08-21 14:15:44,0.6407,1,Recovered,Send payment reminder,3282.58,Medium
TXN10537,CUST1192,Priya Mehta,priya.mehta87@example.com,+91 9251136695,Returning,4803.93,INR,Debit Card,Failed,Network error,8,5,3,613,2026-08-01 02:47:55,0.245,0,Pending Recovery,Stop further retries,0.0,High
TXN10538,CUST1169,Shaurya Mehta,shaurya.mehta460@example.com,+91 9207064620,VIP,62651.23,INR,Wallet,Recovered,Timeout,25,1,0,54,2026-08-20 13:13:18,0.8443,1,Recovered,Smart Retry payment,62651.23,Low
TXN10539,CUST1145,Myra Bhat,myra.bhat459@example.com,+91 9233523720,VIP,148.98,INR,UPI,Success,None,23,2,0,0,2026-08-09 16:37:43,1.0,1,Not Applicable,None,148.98,Low
TXN10540,CUST1205,Pooja Iyer,pooja.iyer621@example.com,+91 9122932394,Returning,866.11,INR,UPI,Success,None,3,2,0,0,2026-08-07 03:47:03,1.0,1,Not Applicable,None,866.11,Low
TXN10541,CUST1062,Krishna Nair,krishna.nair574@example.com,+91 9857704655,Returning,819.99,INR,Debit Card,Success,None,10,5,0,0,2026-08-25 13:36:03,1.0,1,Not Applicable,None,819.99,Low
TXN10542,CUST1050,Neha Rao,neha.rao974@example.com,+91 9711684318,Returning,12689.29,INR,Credit Card,Success,None,7,5,0,0,2026-08-12 17:04:53,1.0,1,Not Applicable,None,12689.29,Low
TXN10543,CUST1217,Pari Kulkarni,pari.kulkarni621@example.com,+91 9669681065,Returning,14207.4,INR,UPI,Success,None,7,3,0,0,2026-07-30 10:06:35,1.0,1,Not Applicable,None,14207.4,Low
TXN10544,CUST1115,Navya Kulkarni,navya.kulkarni440@example.com,+91 9982971099,New,3853.83,INR,Netbanking,Success,None,2,1,0,0,2026-08-17 09:04:21,1.0,1,Not Applicable,None,3853.83,Low
TXN10545,CUST1041,Pari Bose,pari.bose197@example.com,+91 9399085574,New,12163.69,INR,UPI,Failed,Payment gateway error,3,0,0,83,2026-08-25 18:38:20,0.785,0,Pending Recovery,Smart Retry payment,0.0,Low
TXN10546,CUST1263,Ishaan Chopra,ishaan.chopra735@example.com,+91 9190966348,New,481.42,INR,UPI,Success,None,3,2,0,0,2026-08-15 04:03:40,1.0,1,Not Applicable,None,481.42,Low
TXN10547,CUST1042,Neha Patel,neha.patel892@example.com,+91 9690907304,Returning,1065.06,INR,Debit Card,Success,None,4,0,0,0,2026-08-22 06:09:26,1.0,1,Not Applicable,None,1065.06,Low
TXN10548,CUST1214,Gauri Sharma,gauri.sharma500@example.com,+91 9531233244,New,9464.42,INR,Credit Card,Success,None,2,2,0,0,2026-08-18 13:52:26,1.0,1,Not Applicable,None,9464.42,Low
TXN10549,CUST1096,Arjun Reddy,arjun.reddy720@example.com,+91 9264073400,New,169.4,INR,Wallet,Recovered,Network error,3,1,0,676,2026-08-18 11:31:40,0.735,1,Recovered,Smart Retry payment,169.4,Low
TXN10550,CUST1208,Aarav Gupta,aarav.gupta158@example.com,+91 9239577989,VIP,19486.09,INR,Credit Card,Success,None,26,1,0,0,2026-08-17 08:45:10,1.0,1,Not Applicable,None,19486.09,Low
TXN10551,CUST1345,Navya Bose,navya.bose924@example.com,+91 9653520069,New,63881.65,INR,Debit Card,Recovered,Customer abandoned checkout,0,1,0,32,2026-08-02 03:09:05,0.485,1,Recovered,Send personalized recovery reminder,63881.65,Medium
TXN10552,CUST1333,Ayaan Reddy,ayaan.reddy307@example.com,+91 9512477736,New,316.6,INR,Debit Card,Success,None,7,1,0,0,2026-08-14 03:11:42,1.0,1,Not Applicable,None,316.6,Low
TXN10553,CUST1076,Vivaan Malhotra,vivaan.malhotra957@example.com,+91 9965984448,New,1087.25,INR,UPI,Failed,Insufficient funds,4,2,1,211,2026-08-19 21:10:54,0.1487,0,Pending Recovery,Escalate to support,0.0,High
TXN10554,CUST1201,Rohan Mehta,rohan.mehta640@example.com,+91 9538211092,VIP,106.09,INR,Credit Card,Success,None,19,0,0,0,2026-08-28 02:09:07,1.0,1,Not Applicable,None,106.09,Low
TXN10555,CUST1306,Ananya Bhat,ananya.bhat167@example.com,+91 9829137330,New,4995.11,INR,UPI,Failed,Bank decline,3,2,2,242,2026-08-13 23:52:49,0.05,0,Pending Recovery,Escalate to support,0.0,High
TXN10556,CUST1271,Gauri Menon,gauri.menon776@example.com,+91 9941599226,Returning,617.76,INR,Credit Card,Failed,Timeout,10,1,1,464,2026-08-18 04:01:11,0.5919,0,Pending Recovery,Send payment reminder,0.0,Medium
TXN10557,CUST1011,Neha Rao,neha.rao399@example.com,+91 9398471886,VIP,752.59,INR,Credit Card,Success,None,23,2,0,0,2026-08-13 16:21:58,1.0,1,Not Applicable,None,752.59,Low
TXN10558,CUST1309,Anika Kapoor,anika.kapoor585@example.com,+91 9226444910,Returning,15727.27,INR,Credit Card,Success,None,7,2,0,0,2026-08-19 22:37:24,1.0,1,Not Applicable,None,15727.27,Low
TXN10559,CUST1345,Navya Bose,navya.bose924@example.com,+91 9653520069,New,2440.66,INR,Credit Card,Success,None,1,1,0,0,2026-08-02 22:46:55,1.0,1,Not Applicable,None,2440.66,Low
TXN10560,CUST1045,Ananya Sharma,ananya.sharma281@example.com,+91 9941889393,Enterprise,1516.26,INR,UPI,Success,None,24,1,0,0,2026-08-01 07:52:26,1.0,1,Not Applicable,None,1516.26,Low
TXN10561,CUST1156,Myra Chatterjee,myra.chatterjee788@example.com,+91 9155417727,Returning,600.15,INR,Wallet,Failed,Insufficient funds,7,2,1,70,2026-08-06 08:12:05,0.2241,0,Pending Recovery,Escalate to support,0.0,High
TXN10562,CUST1059,Krishna Singh,krishna.singh744@example.com,+91 9468164906,Returning,1482.63,INR,UPI,Failed,Insufficient funds,6,2,0,159,2026-08-08 09:55:42,0.4,0,Pending Recovery,Escalate to support,0.0,High
TXN10563,CUST1264,Ananya Kulkarni,ananya.kulkarni696@example.com,+91 9854658900,VIP,1416.46,INR,UPI,Success,None,31,2,0,0,2026-08-22 18:49:59,1.0,1,Not Applicable,None,1416.46,Low
TXN10564,CUST1055,Pari Iyer,pari.iyer145@example.com,+91 9474745382,Returning,3438.01,INR,Netbanking,Recovered,Temporary bank failure,5,1,0,375,2026-08-15 05:29:28,0.9075,1,Recovered,Smart Retry payment,3438.01,Low
TXN10565,CUST1150,Navya Bose,navya.bose195@example.com,+91 9728492896,VIP,4047.1,INR,Credit Card,Success,None,21,2,0,0,2026-08-02 20:56:34,1.0,1,Not Applicable,None,4047.1,Low
TXN10566,CUST1063,Aarav Mehta,aarav.mehta914@example.com,+91 9841976666,New,11586.19,INR,UPI,Success,None,1,2,0,0,2026-08-06 00:15:07,1.0,1,Not Applicable,None,11586.19,Low
TXN10567,CUST1259,Sai Deshmukh,sai.deshmukh299@example.com,+91 9515985367,Returning,338.41,INR,Debit Card,Success,None,8,2,0,0,2026-08-17 00:15:42,1.0,1,Not Applicable,None,338.41,Low
TXN10568,CUST1272,Pari Rao,pari.rao838@example.com,+91 9942211135,Returning,304.36,INR,Debit Card,Success,None,10,2,0,0,2026-08-10 14:46:14,1.0,1,Not Applicable,None,304.36,Low
TXN10569,CUST1350,Myra Chatterjee,myra.chatterjee681@example.com,+91 9940636753,Returning,125.79,INR,UPI,Failed,Payment gateway error,12,4,3,173,2026-08-22 22:57:48,0.2933,0,Pending Recovery,Stop further retries,0.0,High
TXN10570,CUST1202,Vikram Deshmukh,vikram.deshmukh465@example.com,+91 9353524015,New,3640.04,INR,Credit Card,Success,None,3,0,0,0,2026-07-31 05:31:48,1.0,1,Not Applicable,None,3640.04,Low
TXN10571,CUST1339,Amit Gupta,amit.gupta792@example.com,+91 9532990767,Returning,19588.94,INR,UPI,Success,None,8,0,0,0,2026-08-19 18:02:55,1.0,1,Not Applicable,None,19588.94,Low
TXN10572,CUST1161,Diya Chatterjee,diya.chatterjee259@example.com,+91 9590470737,Enterprise,5118.53,INR,UPI,Success,None,27,0,0,0,2026-08-26 03:56:54,1.0,1,Not Applicable,None,5118.53,Low
TXN10573,CUST1106,Krishna Patel,krishna.patel777@example.com,+91 9679196799,Returning,14364.77,INR,Credit Card,Success,None,2,3,0,0,2026-08-09 00:34:08,1.0,1,Not Applicable,None,14364.77,Low
TXN10574,CUST1102,Sneha Nair,sneha.nair951@example.com,+91 9237039296,VIP,6264.13,INR,Credit Card,Recovered,Timeout,29,3,0,528,2026-08-20 07:01:17,0.8374,1,Recovered,Smart Retry payment,6264.13,Low
TXN10575,CUST1267,Arjun Patel,arjun.patel817@example.com,+91 9208599066,Returning,671.12,INR,UPI,Success,None,10,4,0,0,2026-08-14 08:11:53,1.0,1,Not Applicable,None,671.12,Low
TXN10576,CUST1156,Myra Chatterjee,myra.chatterjee788@example.com,+91 9155417727,Returning,4946.83,INR,UPI,Recovered,Temporary bank failure,7,3,1,132,2026-08-09 15:59:33,0.715,1,Recovered,Smart Retry payment,4946.83,Low
TXN10577,CUST1294,Vivaan Singh,vivaan.singh820@example.com,+91 9314179101,New,2812.14,INR,Wallet,Success,None,2,3,0,0,2026-08-28 02:38:48,1.0,1,Not Applicable,None,2812.14,Low
TXN10578,CUST1322,Navya Singh,navya.singh266@example.com,+91 9310777576,VIP,4377.14,INR,UPI,Recovered,Temporary bank failure,29,2,0,258,2026-08-18 16:10:21,0.95,1,Recovered,Smart Retry payment,4377.14,Low
TXN10579,CUST1265,Aditya Malhotra,aditya.malhotra28@example.com,+91 9489336282,Returning,4290.55,INR,UPI,Recovered,Temporary bank failure,7,1,2,492,2026-08-20 00:11:39,0.555,1,Recovered,Send payment reminder,4290.55,Medium
TXN10580,CUST1040,Sneha Kulkarni,sneha.kulkarni121@example.com,+91 9366992705,VIP,572.63,INR,Credit Card,Success,None,18,0,0,0,2026-08-09 23:28:38,1.0,1,Not Applicable,None,572.63,Low
TXN10581,CUST1217,Pari Kulkarni,pari.kulkarni621@example.com,+91 9669681065,Returning,64786.16,INR,Netbanking,Success,None,8,3,0,0,2026-08-10 13:06:19,1.0,1,Not Applicable,None,64786.16,Low
TXN10582,CUST1249,Myra Reddy,myra.reddy681@example.com,+91 9180909963,Returning,1517.41,INR,Debit Card,Success,None,4,3,0,0,2026-08-01 15:02:11,1.0,1,Not Applicable,None,1517.41,Low
TXN10583,CUST1081,Ishaan Chopra,ishaan.chopra10@example.com,+91 9426283245,Returning,10539.61,INR,Wallet,Success,None,8,2,0,0,2026-08-10 06:13:37,1.0,1,Not Applicable,None,10539.61,Low
TXN10584,CUST1021,Sai Malhotra,sai.malhotra404@example.com,+91 9509760584,Returning,1470.85,INR,UPI,Failed,Customer abandoned checkout,12,3,0,317,2026-08-06 17:07:44,0.6097,0,Pending Recovery,Send personalized recovery reminder,0.0,Medium
TXN10585,CUST1111,Vihaan Bhat,vihaan.bhat329@example.com,+91 9718257024,New,764.69,INR,UPI,Success,None,3,2,0,0,2026-07-30 22:49:33,1.0,1,Not Applicable,None,764.69,Low
TXN10586,CUST1159,Aarav Joshi,aarav.joshi240@example.com,+91 9221827951,Returning,4600.25,INR,Debit Card,Success,None,10,0,0,0,2026-08-20 01:46:59,1.0,1,Not Applicable,None,4600.25,Low
TXN10587,CUST1259,Sai Deshmukh,sai.deshmukh299@example.com,+91 9515985367,Returning,4045.95,INR,Credit Card,Recovered,Timeout,9,2,0,409,2026-08-19 19:24:33,0.7604,1,Recovered,Smart Retry payment,4045.95,Low
TXN10588,CUST1024,Ishaan Malhotra,ishaan.malhotra13@example.com,+91 9875340444,New,77852.81,INR,Debit Card,Success,None,4,1,0,0,2026-08-24 12:59:36,1.0,1,Not Applicable,None,77852.81,Low
TXN10589,CUST1159,Aarav Joshi,aarav.joshi240@example.com,+91 9221827951,Returning,1495.0,INR,Credit Card,Recovered,Timeout,11,0,0,492,2026-08-16 23:27:54,0.7835,1,Recovered,Smart Retry payment,1495.0,Low
TXN10590,CUST1010,Vikram Patel,vikram.patel243@example.com,+91 9930075810,New,941.56,INR,UPI,Failed,Insufficient funds,1,0,0,551,2026-08-21 17:28:44,0.335,0,Pending Recovery,Escalate to support,0.0,High
TXN10591,CUST1206,Ayaan Reddy,ayaan.reddy220@example.com,+91 9173669588,Returning,2965.4,INR,Netbanking,Recovered,Network error,11,2,0,106,2026-08-03 07:43:00,0.815,1,Recovered,Smart Retry payment,2965.4,Low
TXN10592,CUST1147,Aditya Menon,aditya.menon452@example.com,+91 9888699799,New,329.0,INR,UPI,Recovered,Payment gateway error,1,2,0,64,2026-08-10 06:24:47,0.725,1,Recovered,Smart Retry payment,329.0,Low
TXN10593,CUST1051,Myra Verma,myra.verma439@example.com,+91 9805849060,Returning,470.54,INR,UPI,Failed,Customer abandoned checkout,13,4,1,509,2026-08-22 19:38:01,0.4255,0,Pending Recovery,Send personalized recovery reminder,0.0,Medium
TXN10594,CUST1259,Sai Deshmukh,sai.deshmukh299@example.com,+91 9515985367,Returning,202.57,INR,UPI,Success,None,10,2,0,0,2026-08-10 13:18:36,1.0,1,Not Applicable,None,202.57,Low
TXN10595,CUST1120,Myra Chopra,myra.chopra516@example.com,+91 9448981305,Returning,5279.32,INR,Credit Card,Success,None,4,3,0,0,2026-08-01 15:57:16,1.0,1,Not Applicable,None,5279.32,Low
TXN10596,CUST1065,Ishaan Deshmukh,ishaan.deshmukh825@example.com,+91 9142836793,VIP,465.07,INR,UPI,Success,None,20,0,0,0,2026-08-04 21:47:47,1.0,1,Not Applicable,None,465.07,Low
TXN10597,CUST1087,Amit Bhat,amit.bhat723@example.com,+91 9512293741,New,3149.6,INR,UPI,Success,None,1,2,0,0,2026-08-11 10:24:45,1.0,1,Not Applicable,None,3149.6,Low
TXN10598,CUST1318,Arjun Kulkarni,arjun.kulkarni470@example.com,+91 9600184588,Returning,973.87,INR,UPI,Success,None,14,4,0,0,2026-08-12 22:25:44,1.0,1,Not Applicable,None,973.87,Low
TXN10599,CUST1195,Saanvi Chopra,saanvi.chopra972@example.com,+91 9498866784,VIP,74758.51,INR,UPI,Success,None,11,2,0,0,2026-08-06 11:27:37,1.0,1,Not Applicable,None,74758.51,Low
TXN10600,CUST1036,Navya Rao,navya.rao507@example.com,+91 9330035022,Returning,454.77,INR,UPI,Failed,Timeout,10,1,3,330,2026-08-14 20:11:44,0.2319,0,Pending Recovery,Stop further retries,0.0,High
TXN10601,CUST1176,Shaurya Verma,shaurya.verma393@example.com,+91 9562446417,Returning,4917.58,INR,Debit Card,Recovered,Bank decline,6,2,0,713,2026-08-18 01:07:22,0.3,1,Recovered,Escalate to support,4917.58,High
TXN10602,CUST1002,Sneha Mehta,sneha.mehta923@example.com,+91 9685582861,Returning,1017.11,INR,UPI,Recovered,Network error,3,4,0,669,2026-08-15 05:20:52,0.7617,1,Recovered,Smart Retry payment,1017.11,Low
TXN10603,CUST1276,Vikram Kapoor,vikram.kapoor301@example.com,+91 9190060226,VIP,847.88,INR,Credit Card,Success,None,16,1,0,0,2026-08-09 06:20:32,1.0,1,Not Applicable,None,847.88,Low
TXN10604,CUST1184,Aarav Chopra,aarav.chopra589@example.com,+91 9836371599,Returning,854.23,INR,Debit Card,Success,None,3,6,0,0,2026-08-01 23:13:09,1.0,1,Not Applicable,None,854.23,Low
TXN10605,CUST1005,Ayaan Bose,ayaan.bose838@example.com,+91 9106977991,Returning,116.8,INR,UPI,Success,None,4,5,0,0,2026-08-08 16:58:55,1.0,1,Not Applicable,None,116.8,Low
TXN10606,CUST1156,Myra Chatterjee,myra.chatterjee788@example.com,+91 9155417727,Returning,8316.99,INR,Wallet,Success,None,8,3,0,0,2026-07-30 11:11:57,1.0,1,Not Applicable,None,8316.99,Low
TXN10607,CUST1311,Reyansh Mehta,reyansh.mehta85@example.com,+91 9585377142,New,275.48,INR,Debit Card,Failed,Timeout,0,2,1,584,2026-08-24 12:35:36,0.4425,0,Pending Recovery,Send payment reminder,0.0,Medium
TXN10608,CUST1309,Anika Kapoor,anika.kapoor585@example.com,+91 9226444910,Returning,1261.38,INR,UPI,Failed,Network error,8,2,1,201,2026-08-06 04:56:24,0.6275,0,Pending Recovery,Send payment reminder,0.0,Medium
TXN10609,CUST1012,Rahul Deshmukh,rahul.deshmukh373@example.com,+91 9324956459,New,65044.08,INR,Credit Card,Failed,Timeout,5,1,2,58,2026-08-15 03:19:28,0.3375,0,Pending Recovery,Escalate to support,0.0,High
TXN10610,CUST1166,Gauri Kulkarni,gauri.kulkarni724@example.com,+91 9356415500,VIP,994.6,INR,UPI,Success,None,27,1,0,0,2026-08-12 05:40:52,1.0,1,Not Applicable,None,994.6,Low
TXN10611,CUST1115,Navya Kulkarni,navya.kulkarni440@example.com,+91 9982971099,New,925.55,INR,Credit Card,Failed,Insufficient funds,3,1,3,236,2026-08-09 23:22:50,0.05,0,Pending Recovery,Stop further retries,0.0,High
TXN10612,CUST1217,Pari Kulkarni,pari.kulkarni621@example.com,+91 9669681065,Returning,79604.69,INR,UPI,Failed,Network error,9,3,0,646,2026-07-31 08:20:07,0.8021,0,Pending Recovery,Smart Retry payment,0.0,Low
TXN10613,CUST1129,Saanvi Kapoor,saanvi.kapoor112@example.com,+91 9994027897,Returning,525.22,INR,Wallet,Success,None,6,2,0,0,2026-08-23 00:26:24,1.0,1,Not Applicable,None,525.22,Low
TXN10614,CUST1038,Reyansh Mehta,reyansh.mehta451@example.com,+91 9480424119,New,3477.65,INR,Debit Card,Success,None,2,1,0,0,2026-08-15 07:32:18,1.0,1,Not Applicable,None,3477.65,Low
TXN10615,CUST1018,Krishna Reddy,krishna.reddy584@example.com,+91 9678722458,New,900.08,INR,Credit Card,Success,None,2,2,0,0,2026-07-31 11:49:44,1.0,1,Not Applicable,None,900.08,Low
TXN10616,CUST1313,Vikram Patel,vikram.patel307@example.com,+91 9422076028,Returning,1263.1,INR,Credit Card,Success,None,7,1,0,0,2026-08-07 01:53:10,1.0,1,Not Applicable,None,1263.1,Low
TXN10617,CUST1211,Arjun Malhotra,arjun.malhotra773@example.com,+91 9168244921,Returning,638.62,INR,Credit Card,Failed,Timeout,11,3,0,696,2026-08-10 04:15:18,0.7575,0,Pending Recovery,Smart Retry payment,0.0,Low
TXN10618,CUST1233,Myra Patel,myra.patel169@example.com,+91 9269017588,VIP,3350.67,INR,UPI,Recovered,Bank decline,28,0,0,526,2026-08-19 20:43:02,0.4,1,Recovered,Escalate to support,3350.67,Medium
TXN10619,CUST1216,Myra Reddy,myra.reddy291@example.com,+91 9770355806,New,3482.78,INR,UPI,Recovered,Network error,2,2,1,371,2026-07-30 07:55:15,0.53,1,Recovered,Send payment reminder,3482.78,Medium
TXN10620,CUST1278,Amit Deshmukh,amit.deshmukh434@example.com,+91 9157184151,VIP,1589.49,INR,UPI,Failed,Customer abandoned checkout,21,2,0,524,2026-08-08 22:59:55,0.687,0,Pending Recovery,Send personalized recovery reminder,0.0,Medium
TXN10621,CUST1287,Diya Sharma,diya.sharma256@example.com,+91 9712745501,Returning,11330.5,INR,UPI,Failed,Customer abandoned checkout,10,2,1,483,2026-08-25 21:11:44,0.4329,0,Pending Recovery,Send personalized recovery reminder,0.0,Medium
TXN10622,CUST1170,Aarav Reddy,aarav.reddy680@example.com,+91 9265744099,Returning,13490.89,INR,UPI,Failed,Bank decline,4,3,0,8,2026-08-07 20:33:26,0.2783,0,Pending Recovery,Escalate to support,0.0,High
TXN10623,CUST1118,Gauri Malhotra,gauri.malhotra616@example.com,+91 9388187517,VIP,1852.34,INR,Credit Card,Success,None,18,0,0,0,2026-08-23 02:09:55,1.0,1,Not Applicable,None,1852.34,Low
TXN10624,CUST1205,Pooja Iyer,pooja.iyer621@example.com,+91 9122932394,Returning,989.89,INR,UPI,Recovered,Temporary bank failure,4,2,1,373,2026-07-29 21:13:34,0.7087,1,Recovered,Smart Retry payment,989.89,Low
TXN10625,CUST1016,Priya Kulkarni,priya.kulkarni77@example.com,+91 9326541099,Returning,354.69,INR,UPI,Recovered,Temporary bank failure,11,2,0,273,2026-08-03 21:53:54,0.915,1,Recovered,Smart Retry payment,354.69,Low
TXN10626,CUST1011,Neha Rao,neha.rao399@example.com,+91 9398471886,VIP,7058.52,INR,Credit Card,Success,None,24,2,0,0,2026-08-08 05:35:54,1.0,1,Not Applicable,None,7058.52,Low
TXN10627,CUST1190,Priya Joshi,priya.joshi384@example.com,+91 9669998399,VIP,14912.97,INR,Netbanking,Success,None,25,1,0,0,2026-08-28 16:09:39,1.0,1,Not Applicable,None,14912.97,Low
TXN10628,CUST1034,Aarav Bhat,aarav.bhat612@example.com,+91 9336456621,Returning,893.45,INR,UPI,Failed,Network error,2,0,1,52,2026-08-14 12:24:02,0.6275,0,Pending Recovery,Send payment reminder,0.0,Medium
TXN10629,CUST1301,Ishaan Bose,ishaan.bose446@example.com,+91 9278933456,Returning,580.92,INR,Debit Card,Failed,Insufficient funds,9,2,3,505,2026-07-31 06:10:56,0.05,0,Pending Recovery,Stop further retries,0.0,High
TXN10630,CUST1042,Neha Patel,neha.patel892@example.com,+91 9690907304,Returning,4163.2,INR,Credit Card,Recovered,Payment gateway error,5,0,1,188,2026-08-10 09:09:22,0.6736,1,Recovered,Smart Retry payment,4163.2,Medium
TXN10631,CUST1192,Priya Mehta,priya.mehta87@example.com,+91 9251136695,Returning,2932.7,INR,Wallet,Success,None,8,6,0,0,2026-08-15 22:35:12,1.0,1,Not Applicable,None,2932.7,Low
TXN10632,CUST1333,Ayaan Reddy,ayaan.reddy307@example.com,+91 9512477736,New,296.57,INR,UPI,Success,None,8,1,0,0,2026-08-10 01:38:18,1.0,1,Not Applicable,None,296.57,Low
TXN10633,CUST1293,Vikram Chatterjee,vikram.chatterjee840@example.com,+91 9244796859,Returning,857.19,INR,UPI,Recovered,Payment gateway error,5,3,0,529,2026-08-20 17:08:35,0.815,1,Recovered,Smart Retry payment,857.19,Low
TXN10634,CUST1219,Sneha Iyer,sneha.iyer919@example.com,+91 9345343109,Returning,2729.59,INR,UPI,Success,None,8,4,0,0,2026-08-06 02:15:19,1.0,1,Not Applicable,None,2729.59,Low
TXN10635,CUST1136,Vihaan Joshi,vihaan.joshi630@example.com,+91 9740086326,Returning,2436.01,INR,UPI,Success,None,12,1,0,0,2026-08-13 21:27:53,1.0,1,Not Applicable,None,2436.01,Low
TXN10636,CUST1117,Sai Kapoor,sai.kapoor286@example.com,+91 9761330848,Enterprise,163.21,INR,UPI,Recovered,Insufficient funds,28,1,1,286,2026-08-04 02:08:02,0.3153,1,Recovered,Escalate to support,163.21,High
TXN10637,CUST1310,Vikram Bose,vikram.bose636@example.com,+91 9406635834,New,84896.33,INR,Debit Card,Success,None,2,1,0,0,2026-08-25 06:05:05,1.0,1,Not Applicable,None,84896.33,Low
TXN10638,CUST1178,Aditya Menon,aditya.menon644@example.com,+91 9833510170,VIP,2614.84,INR,UPI,Success,None,15,1,0,0,2026-08-17 23:51:39,1.0,1,Not Applicable,None,2614.84,Low
TXN10639,CUST1077,Sneha Iyer,sneha.iyer81@example.com,+91 9813219781,Returning,8413.45,INR,Debit Card,Failed,Network error,8,4,2,353,2026-08-05 11:00:13,0.4314,0,Pending Recovery,Send payment reminder,0.0,Medium
TXN10640,CUST1161,Diya Chatterjee,diya.chatterjee259@example.com,+91 9590470737,Enterprise,11431.47,INR,Netbanking,Success,None,28,0,0,0,2026-08-11 20:10:33,1.0,1,Not Applicable,None,11431.47,Low
TXN10641,CUST1072,Karan Gupta,karan.gupta531@example.com,+91 9529151399,Returning,1513.25,INR,Netbanking,Failed,Network error,13,5,1,418,2026-08-22 23:41:26,0.62,0,Pending Recovery,Send payment reminder,0.0,Medium
TXN10642,CUST1276,Vikram Kapoor,vikram.kapoor301@example.com,+91 9190060226,VIP,627.26,INR,Credit Card,Recovered,Timeout,17,1,1,627,2026-08-03 00:18:35,0.66,1,Recovered,Smart Retry payment,627.26,Medium
TXN10643,CUST1201,Rohan Mehta,rohan.mehta640@example.com,+91 9538211092,VIP,33273.3,INR,UPI,Success,None,20,0,0,0,2026-08-03 15:20:27,1.0,1,Not Applicable,None,33273.3,Low
TXN10644,CUST1232,Gauri Kulkarni,gauri.kulkarni329@example.com,+91 9874807770,New,2218.28,INR,UPI,Success,None,1,4,0,0,2026-08-04 00:10:43,1.0,1,Not Applicable,None,2218.28,Low
TXN10645,CUST1014,Gauri Chopra,gauri.chopra957@example.com,+91 9787194506,Returning,161.54,INR,Wallet,Recovered,Temporary bank failure,11,1,1,180,2026-08-05 11:42:21,0.7436,1,Recovered,Smart Retry payment,161.54,Low
TXN10646,CUST1211,Arjun Malhotra,arjun.malhotra773@example.com,+91 9168244921,Returning,989.64,INR,UPI,Success,None,11,4,0,0,2026-08-20 13:34:36,1.0,1,Not Applicable,None,989.64,Low
TXN10647,CUST1106,Krishna Patel,krishna.patel777@example.com,+91 9679196799,Returning,284.11,INR,UPI,Success,None,3,3,0,0,2026-08-12 17:19:44,1.0,1,Not Applicable,None,284.11,Low
TXN10648,CUST1301,Ishaan Bose,ishaan.bose446@example.com,+91 9278933456,Returning,744.09,INR,Credit Card,Failed,Timeout,9,3,0,341,2026-08-28 01:19:20,0.7521,0,Pending Recovery,Smart Retry payment,0.0,Low
TXN10649,CUST1252,Ishaan Gupta,ishaan.gupta370@example.com,+91 9644748834,Returning,3303.95,INR,Debit Card,Failed,Customer abandoned checkout,5,4,0,632,2026-08-24 18:10:40,0.5768,0,Pending Recovery,Send personalized recovery reminder,0.0,Medium
TXN10650,CUST1090,Pari Rao,pari.rao134@example.com,+91 9590122159,VIP,260.62,INR,Credit Card,Success,None,14,2,0,0,2026-08-10 01:28:59,1.0,1,Not Applicable,None,260.62,Low
TXN10651,CUST1049,Navya Patel,navya.patel80@example.com,+91 9738914080,VIP,950.12,INR,UPI,Success,None,10,3,0,0,2026-08-06 16:31:49,1.0,1,Not Applicable,None,950.12,Low
TXN10652,CUST1035,Vikram Verma,vikram.verma937@example.com,+91 9133729406,New,3888.92,INR,UPI,Success,None,5,0,0,0,2026-08-28 04:53:34,1.0,1,Not Applicable,None,3888.92,Low
TXN10653,CUST1040,Sneha Kulkarni,sneha.kulkarni121@example.com,+91 9366992705,VIP,3017.07,INR,Debit Card,Success,None,19,0,0,0,2026-08-03 00:10:34,1.0,1,Not Applicable,None,3017.07,Low
TXN10654,CUST1014,Gauri Chopra,gauri.chopra957@example.com,+91 9787194506,Returning,724.04,INR,Debit Card,Recovered,Temporary bank failure,12,1,0,144,2026-08-21 01:50:26,0.925,1,Recovered,Smart Retry payment,724.04,Low
TXN10655,CUST1238,Reyansh Singh,reyansh.singh795@example.com,+91 9247354744,VIP,1272.88,INR,Credit Card,Failed,Insufficient funds,16,1,0,23,2026-08-26 12:43:28,0.4892,0,Pending Recovery,Send payment reminder,0.0,Medium
TXN10656,CUST1091,Pooja Kapoor,pooja.kapoor619@example.com,+91 9440696084,Enterprise,580.19,INR,UPI,Recovered,Payment gateway error,22,2,0,40,2026-08-21 10:11:36,0.9177,1,Recovered,Smart Retry payment,580.19,Low
TXN10657,CUST1273,Atharva Bhat,atharva.bhat482@example.com,+91 9926178355,Enterprise,726.07,INR,Debit Card,Success,None,18,3,0,0,2026-08-17 19:34:00,1.0,1,Not Applicable,None,726.07,Low
TXN10658,CUST1200,Pooja Joshi,pooja.joshi770@example.com,+91 9880179899,Returning,2775.5,INR,Credit Card,Failed,Bank decline,10,3,0,21,2026-08-09 09:17:19,0.305,0,Pending Recovery,Escalate to support,0.0,High
TXN10659,CUST1008,Priya Verma,priya.verma559@example.com,+91 9234031070,Returning,271.94,INR,Credit Card,Recovered,Temporary bank failure,8,0,0,430,2026-08-25 03:04:13,0.93,1,Recovered,Smart Retry payment,271.94,Low
TXN10660,CUST1168,Ananya Reddy,ananya.reddy47@example.com,+91 9235555899,Returning,663.11,INR,Credit Card,Success,None,12,4,0,0,2026-08-10 03:11:39,1.0,1,Not Applicable,None,663.11,Low
TXN10661,CUST1055,Pari Iyer,pari.iyer145@example.com,+91 9474745382,Returning,255.26,INR,UPI,Recovered,Insufficient funds,6,1,1,382,2026-08-09 23:30:34,0.2317,1,Recovered,Escalate to support,255.26,High
TXN10662,CUST1112,Ananya Iyer,ananya.iyer717@example.com,+91 9991819497,New,789.79,INR,Credit Card,Success,None,5,0,0,0,2026-08-20 00:48:24,1.0,1,Not Applicable,None,789.79,Low
TXN10663,CUST1292,Vivaan Deshmukh,vivaan.deshmukh843@example.com,+91 9790196540,Returning,962.13,INR,Credit Card,Success,None,4,3,0,0,2026-08-19 10:34:24,1.0,1,Not Applicable,None,962.13,Low
TXN10664,CUST1069,Krishna Nair,krishna.nair120@example.com,+91 9510751046,Returning,670.82,INR,Netbanking,Recovered,Timeout,3,3,1,396,2026-08-23 21:12:57,0.54,1,Recovered,Send payment reminder,670.82,Medium
TXN10665,CUST1120,Myra Chopra,myra.chopra516@example.com,+91 9448981305,Returning,3817.81,INR,UPI,Recovered,Network error,5,3,0,86,2026-08-20 18:12:06,0.785,1,Recovered,Smart Retry payment,3817.81,Low
TXN10666,CUST1192,Priya Mehta,priya.mehta87@example.com,+91 9251136695,Returning,1807.85,INR,UPI,Success,None,9,6,0,0,2026-08-05 17:44:19,1.0,1,Not Applicable,None,1807.85,Low
TXN10667,CUST1228,Myra Joshi,myra.joshi961@example.com,+91 9806340901,New,2314.43,INR,UPI,Success,None,2,2,0,0,2026-08-21 05:10:31,1.0,1,Not Applicable,None,2314.43,Low
TXN10668,CUST1332,Pari Mehta,pari.mehta487@example.com,+91 9231556899,Returning,16257.51,INR,UPI,Success,None,7,4,0,0,2026-08-08 08:13:47,1.0,1,Not Applicable,None,16257.51,Low
TXN10669,CUST1341,Aditya Chopra,aditya.chopra792@example.com,+91 9690404558,Returning,72094.37,INR,Credit Card,Recovered,Timeout,8,4,0,508,2026-08-24 13:12:03,0.7414,1,Recovered,Smart Retry payment,72094.37,Low
TXN10670,CUST1099,Ananya Chatterjee,ananya.chatterjee370@example.com,+91 9420632895,New,991.81,INR,Netbanking,Failed,Payment gateway error,2,1,1,441,2026-08-03 15:07:50,0.575,0,Pending Recovery,Send payment reminder,0.0,Medium
TXN10671,CUST1160,Rohan Reddy,rohan.reddy743@example.com,+91 9413383963,Returning,276.78,INR,UPI,Success,None,12,2,0,0,2026-08-07 13:07:13,1.0,1,Not Applicable,None,276.78,Low
TXN10672,CUST1104,Arjun Bose,arjun.bose276@example.com,+91 9507059676,New,802.16,INR,UPI,Success,None,3,0,0,0,2026-08-09 23:42:25,1.0,1,Not Applicable,None,802.16,Low
TXN10673,CUST1259,Sai Deshmukh,sai.deshmukh299@example.com,+91 9515985367,Returning,2733.29,INR,UPI,Success,None,11,2,0,0,2026-08-13 01:39:49,1.0,1,Not Applicable,None,2733.29,Low
TXN10674,CUST1043,Rohan Joshi,rohan.joshi105@example.com,+91 9909134796,VIP,4685.21,INR,Credit Card,Recovered,Network error,15,0,0,625,2026-08-19 22:14:20,0.8962,1,Recovered,Smart Retry payment,4685.21,Low
TXN10675,CUST1171,Priya Gupta,priya.gupta719@example.com,+91 9526794469,Returning,521.33,INR,UPI,Failed,Network error,14,0,2,409,2026-07-29 18:08:54,0.4756,0,Pending Recovery,Send payment reminder,0.0,Medium
TXN10676,CUST1192,Priya Mehta,priya.mehta87@example.com,+91 9251136695,Returning,376.03,INR,Wallet,Failed,Bank decline,10,6,0,451,2026-08-25 08:49:39,0.2867,0,Pending Recovery,Escalate to support,0.0,High
TXN10677,CUST1179,Meera Bhat,meera.bhat482@example.com,+91 9784944881,New,2954.0,INR,Credit Card,Success,None,5,1,0,0,2026-08-18 07:21:51,1.0,1,Not Applicable,None,2954.0,Low
TXN10678,CUST1125,Ishaan Bhat,ishaan.bhat576@example.com,+91 9670073085,Returning,4684.95,INR,UPI,Success,None,8,3,0,0,2026-07-30 08:28:43,1.0,1,Not Applicable,None,4684.95,Low
TXN10679,CUST1310,Vikram Bose,vikram.bose636@example.com,+91 9406635834,New,3723.58,INR,UPI,Success,None,3,1,0,0,2026-08-27 05:19:33,1.0,1,Not Applicable,None,3723.58,Low
TXN10680,CUST1048,Vivaan Bhat,vivaan.bhat951@example.com,+91 9670292350,Returning,4666.61,INR,UPI,Success,None,5,0,0,0,2026-08-25 09:30:26,1.0,1,Not Applicable,None,4666.61,Low
TXN10681,CUST1217,Pari Kulkarni,pari.kulkarni621@example.com,+91 9669681065,Returning,483.18,INR,Credit Card,Success,None,9,4,0,0,2026-08-14 17:33:09,1.0,1,Not Applicable,None,483.18,Low
TXN10682,CUST1211,Arjun Malhotra,arjun.malhotra773@example.com,+91 9168244921,Returning,4696.36,INR,Netbanking,Recovered,Payment gateway error,12,4,0,412,2026-08-15 20:06:10,0.8333,1,Recovered,Smart Retry payment,4696.36,Low
TXN10683,CUST1004,Aarav Joshi,aarav.joshi675@example.com,+91 9853041955,New,73065.31,INR,UPI,Recovered,Customer abandoned checkout,4,1,0,388,2026-08-19 06:44:39,0.5421,1,Recovered,Send personalized recovery reminder,73065.31,Medium
TXN10684,CUST1069,Krishna Nair,krishna.nair120@example.com,+91 9510751046,Returning,262.79,INR,Netbanking,Success,None,4,3,0,0,2026-08-22 11:21:10,1.0,1,Not Applicable,None,262.79,Low
TXN10685,CUST1094,Karan Kapoor,karan.kapoor254@example.com,+91 9394846763,Returning,7878.08,INR,Wallet,Success,None,9,0,0,0,2026-08-11 23:06:36,1.0,1,Not Applicable,None,7878.08,Low
TXN10686,CUST1326,Aditya Verma,aditya.verma799@example.com,+91 9719303396,VIP,362.81,INR,UPI,Recovered,Customer abandoned checkout,18,2,0,67,2026-08-08 16:58:03,0.6845,1,Recovered,Send personalized recovery reminder,362.81,Medium
TXN10687,CUST1004,Aarav Joshi,aarav.joshi675@example.com,+91 9853041955,New,4156.04,INR,UPI,Failed,Expired card,5,1,0,502,2026-08-21 23:54:59,0.1475,0,Pending Recovery,Escalate to support,0.0,High
TXN10688,CUST1173,Rohan Chatterjee,rohan.chatterjee46@example.com,+91 9762992051,VIP,2345.86,INR,Credit Card,Failed,Network error,13,1,1,369,2026-08-07 13:30:20,0.7063,0,Pending Recovery,Smart Retry payment,0.0,Low
TXN10689,CUST1052,Navya Kulkarni,navya.kulkarni219@example.com,+91 9819112790,VIP,882.49,INR,UPI,Success,None,31,1,0,0,2026-08-25 15:25:00,1.0,1,Not Applicable,None,882.49,Low
TXN10690,CUST1272,Pari Rao,pari.rao838@example.com,+91 9942211135,Returning,728.34,INR,Debit Card,Failed,Network error,11,2,0,658,2026-08-17 01:30:47,0.815,0,Pending Recovery,Smart Retry payment,0.0,Low
TXN10691,CUST1165,Gauri Joshi,gauri.joshi350@example.com,+91 9692616814,Returning,423.19,INR,UPI,Success,None,11,4,0,0,2026-08-08 01:52:20,1.0,1,Not Applicable,None,423.19,Low
TXN10692,CUST1205,Pooja Iyer,pooja.iyer621@example.com,+91 9122932394,Returning,4175.05,INR,UPI,Success,None,5,2,0,0,2026-08-26 14:08:26,1.0,1,Not Applicable,None,4175.05,Low
TXN10693,CUST1052,Navya Kulkarni,navya.kulkarni219@example.com,+91 9819112790,VIP,2175.16,INR,UPI,Recovered,Network error,32,1,0,94,2026-08-14 01:06:49,0.8964,1,Recovered,Smart Retry payment,2175.16,Low
TXN10694,CUST1345,Navya Bose,navya.bose924@example.com,+91 9653520069,New,84169.27,INR,Credit Card,Success,None,2,1,0,0,2026-08-26 23:56:13,1.0,1,Not Applicable,None,84169.27,Low
TXN10695,CUST1125,Ishaan Bhat,ishaan.bhat576@example.com,+91 9670073085,Returning,776.93,INR,Credit Card,Failed,Bank decline,9,3,2,292,2026-08-11 14:25:19,0.05,0,Pending Recovery,Escalate to support,0.0,High
TXN10696,CUST1132,Rohan Chatterjee,rohan.chatterjee22@example.com,+91 9716396766,New,4805.06,INR,Credit Card,Success,None,1,1,0,0,2026-08-26 04:06:14,1.0,1,Not Applicable,None,4805.06,Low
TXN10697,CUST1171,Priya Gupta,priya.gupta719@example.com,+91 9526794469,Returning,18975.77,INR,Debit Card,Success,None,14,1,0,0,2026-08-17 13:43:32,1.0,1,Not Applicable,None,18975.77,Low
TXN10698,CUST1196,Ayaan Chatterjee,ayaan.chatterjee915@example.com,+91 9702806585,New,4139.54,INR,Wallet,Success,None,5,2,0,0,2026-08-05 02:56:54,1.0,1,Not Applicable,None,4139.54,Low
TXN10699,CUST1058,Vihaan Reddy,vihaan.reddy921@example.com,+91 9214929002,Returning,765.52,INR,Netbanking,Success,None,11,1,0,0,2026-08-01 17:34:19,1.0,1,Not Applicable,None,765.52,Low
TXN10700,CUST1195,Saanvi Chopra,saanvi.chopra972@example.com,+91 9498866784,VIP,1006.71,INR,UPI,Success,None,12,2,0,0,2026-08-24 05:27:17,1.0,1,Not Applicable,None,1006.71,Low
TXN10701,CUST1187,Karan Reddy,karan.reddy935@example.com,+91 9773728014,Returning,4734.77,INR,UPI,Success,None,13,0,0,0,2026-08-15 16:29:51,1.0,1,Not Applicable,None,4734.77,Low
TXN10702,CUST1236,Diya Mehta,diya.mehta704@example.com,+91 9736873048,Returning,833.53,INR,UPI,Failed,Customer abandoned checkout,13,4,2,40,2026-08-18 09:56:03,0.2455,0,Pending Recovery,Escalate to support,0.0,High
TXN10703,CUST1159,Aarav Joshi,aarav.joshi240@example.com,+91 9221827951,Returning,3753.71,INR,UPI,Success,None,12,0,0,0,2026-08-15 16:39:54,1.0,1,Not Applicable,None,3753.71,Low
TXN10704,CUST1150,Navya Bose,navya.bose195@example.com,+91 9728492896,VIP,2506.46,INR,Wallet,Failed,Insufficient funds,22,2,1,58,2026-08-22 22:19:12,0.3077,0,Pending Recovery,Escalate to support,0.0,High
TXN10705,CUST1092,Rahul Kapoor,rahul.kapoor938@example.com,+91 9688273030,Returning,15910.2,INR,UPI,Success,None,9,1,0,0,2026-08-25 09:16:19,1.0,1,Not Applicable,None,15910.2,Low
TXN10706,CUST1201,Rohan Mehta,rohan.mehta640@example.com,+91 9538211092,VIP,709.11,INR,Wallet,Success,None,21,0,0,0,2026-08-10 02:39:45,1.0,1,Not Applicable,None,709.11,Low
TXN10707,CUST1100,Pari Joshi,pari.joshi929@example.com,+91 9336801619,Returning,3191.49,INR,UPI,Recovered,Bank decline,10,1,0,675,2026-08-22 10:21:58,0.3219,1,Recovered,Escalate to support,3191.49,High
TXN10708,CUST1071,Ayaan Sharma,ayaan.sharma418@example.com,+91 9452468587,Returning,533.2,INR,Netbanking,Failed,Payment gateway error,8,0,2,109,2026-08-22 04:57:25,0.5,0,Pending Recovery,Send payment reminder,0.0,Medium
TXN10709,CUST1076,Vivaan Malhotra,vivaan.malhotra957@example.com,+91 9965984448,New,983.43,INR,Credit Card,Failed,Bank decline,4,3,0,532,2026-07-30 21:52:53,0.2183,0,Pending Recovery,Escalate to support,0.0,High
TXN10710,CUST1304,Priya Nair,priya.nair156@example.com,+91 9752376434,Enterprise,232.71,INR,Debit Card,Recovered,Timeout,31,1,0,389,2026-08-01 19:38:12,0.8462,1,Recovered,Smart Retry payment,232.71,Low
TXN10711,CUST1344,Navya Verma,navya.verma150@example.com,+91 9866213410,New,4110.15,INR,Netbanking,Success,None,3,1,0,0,2026-08-06 18:13:07,1.0,1,Not Applicable,None,4110.15,Low
TXN10712,CUST1062,Krishna Nair,krishna.nair574@example.com,+91 9857704655,Returning,208.85,INR,Credit Card,Success,None,11,5,0,0,2026-08-05 05:06:00,1.0,1,Not Applicable,None,208.85,Low
TXN10713,CUST1246,Ananya Singh,ananya.singh236@example.com,+91 9457629711,Returning,769.82,INR,Debit Card,Recovered,Timeout,4,0,0,70,2026-08-13 00:32:54,0.77,1,Recovered,Smart Retry payment,769.82,Low
TXN10714,CUST1276,Vikram Kapoor,vikram.kapoor301@example.com,+91 9190060226,VIP,830.58,INR,UPI,Success,None,18,1,0,0,2026-08-14 18:03:34,1.0,1,Not Applicable,None,830.58,Low
TXN10715,CUST1266,Reyansh Kulkarni,reyansh.kulkarni507@example.com,+91 9306164050,VIP,13084.19,INR,Debit Card,Success,None,15,0,0,0,2026-08-20 16:37:25,1.0,1,Not Applicable,None,13084.19,Low
TXN10716,CUST1061,Rahul Gupta,rahul.gupta351@example.com,+91 9927982963,New,638.19,INR,UPI,Success,None,2,3,0,0,2026-08-22 00:00:16,1.0,1,Not Applicable,None,638.19,Low
TXN10717,CUST1106,Krishna Patel,krishna.patel777@example.com,+91 9679196799,Returning,1351.2,INR,UPI,Success,None,4,3,0,0,2026-07-31 12:45:36,1.0,1,Not Applicable,None,1351.2,Low
TXN10718,CUST1279,Atharva Rao,atharva.rao93@example.com,+91 9502559419,Returning,978.39,INR,Credit Card,Recovered,Payment gateway error,7,0,1,148,2026-07-31 04:33:39,0.6783,1,Recovered,Smart Retry payment,978.39,Medium
TXN10719,CUST1161,Diya Chatterjee,diya.chatterjee259@example.com,+91 9590470737,Enterprise,4943.09,INR,UPI,Success,None,29,0,0,0,2026-08-04 06:50:46,1.0,1,Not Applicable,None,4943.09,Low
TXN10720,CUST1122,Pari Sharma,pari.sharma205@example.com,+91 9191926217,Returning,226.5,INR,Netbanking,Recovered,Payment gateway error,6,4,1,437,2026-08-02 10:35:16,0.6325,1,Recovered,Send payment reminder,226.5,Medium
TXN10721,CUST1131,Krishna Verma,krishna.verma576@example.com,+91 9413679331,Enterprise,683.79,INR,UPI,Success,None,31,0,0,0,2026-08-26 21:22:34,1.0,1,Not Applicable,None,683.79,Low
TXN10722,CUST1074,Vivaan Mehta,vivaan.mehta363@example.com,+91 9882269302,Returning,1282.16,INR,Debit Card,Success,None,10,3,0,0,2026-08-18 23:10:22,1.0,1,Not Applicable,None,1282.16,Low
TXN10723,CUST1337,Reyansh Bhat,reyansh.bhat61@example.com,+91 9402104065,Returning,3045.2,INR,UPI,Success,None,11,5,0,0,2026-08-08 02:56:58,1.0,1,Not Applicable,None,3045.2,Low
TXN10724,CUST1310,Vikram Bose,vikram.bose636@example.com,+91 9406635834,New,342.11,INR,Credit Card,Success,None,4,1,0,0,2026-08-10 09:13:25,1.0,1,Not Applicable,None,342.11,Low
TXN10725,CUST1171,Priya Gupta,priya.gupta719@example.com,+91 9526794469,Returning,1585.17,INR,Debit Card,Failed,Bank decline,15,1,1,131,2026-08-01 17:56:49,0.1483,0,Pending Recovery,Escalate to support,0.0,High
TXN10726,CUST1157,Pari Reddy,pari.reddy458@example.com,+91 9849740261,VIP,4226.39,INR,UPI,Recovered,Temporary bank failure,24,0,0,330,2026-08-15 07:23:05,0.95,1,Recovered,Smart Retry payment,4226.39,Low
TXN10727,CUST1200,Pooja Joshi,pooja.joshi770@example.com,+91 9880179899,Returning,824.48,INR,Credit Card,Success,None,10,4,0,0,2026-08-15 06:33:52,1.0,1,Not Applicable,None,824.48,Low
TXN10728,CUST1304,Priya Nair,priya.nair156@example.com,+91 9752376434,Enterprise,107.55,INR,Credit Card,Recovered,Temporary bank failure,32,1,1,384,2026-08-02 01:05:57,0.8164,1,Recovered,Smart Retry payment,107.55,Low
TXN10729,CUST1128,Pari Nair,pari.nair766@example.com,+91 9619904272,New,2672.56,INR,Credit Card,Success,None,2,2,0,0,2026-08-08 22:37:15,1.0,1,Not Applicable,None,2672.56,Low
TXN10730,CUST1220,Rahul Bose,rahul.bose757@example.com,+91 9202097643,Returning,3873.15,INR,Netbanking,Recovered,Customer abandoned checkout,7,3,2,654,2026-08-17 00:38:10,0.235,1,Recovered,Escalate to support,3873.15,High
TXN10731,CUST1123,Anika Joshi,anika.joshi717@example.com,+91 9611201082,Returning,7476.53,INR,UPI,Success,None,12,3,0,0,2026-08-14 23:52:08,1.0,1,Not Applicable,None,7476.53,Low
TXN10732,CUST1218,Navya Menon,navya.menon822@example.com,+91 9853529912,Returning,4728.83,INR,UPI,Success,None,3,4,0,0,2026-08-19 02:03:20,1.0,1,Not Applicable,None,4728.83,Low
TXN10733,CUST1064,Vivaan Deshmukh,vivaan.deshmukh161@example.com,+91 9561479973,Returning,653.66,INR,Netbanking,Success,None,4,0,0,0,2026-08-19 23:46:14,1.0,1,Not Applicable,None,653.66,Low
TXN10734,CUST1126,Sneha Joshi,sneha.joshi729@example.com,+91 9587205269,Returning,62976.32,INR,Netbanking,Success,None,7,2,0,0,2026-08-26 20:48:42,1.0,1,Not Applicable,None,62976.32,Low
TXN10735,CUST1230,Aarav Nair,aarav.nair589@example.com,+91 9805818425,VIP,63843.94,INR,Netbanking,Success,None,20,0,0,0,2026-08-04 17:16:52,1.0,1,Not Applicable,None,63843.94,Low
TXN10736,CUST1264,Ananya Kulkarni,ananya.kulkarni696@example.com,+91 9854658900,VIP,144.82,INR,Credit Card,Failed,Insufficient funds,32,2,2,125,2026-08-27 07:19:25,0.1325,0,Pending Recovery,Escalate to support,0.0,High
TXN10737,CUST1248,Sneha Reddy,sneha.reddy159@example.com,+91 9374843786,New,290.76,INR,Debit Card,Success,None,1,0,0,0,2026-08-04 17:10:49,1.0,1,Not Applicable,None,290.76,Low
TXN10738,CUST1330,Anika Bose,anika.bose631@example.com,+91 9254263081,New,4572.78,INR,Netbanking,Success,None,2,2,0,0,2026-08-23 08:49:12,1.0,1,Not Applicable,None,4572.78,Low
TXN10739,CUST1236,Diya Mehta,diya.mehta704@example.com,+91 9736873048,Returning,417.5,INR,UPI,Success,None,13,5,0,0,2026-08-03 18:57:57,1.0,1,Not Applicable,None,417.5,Low
TXN10740,CUST1252,Ishaan Gupta,ishaan.gupta370@example.com,+91 9644748834,Returning,575.19,INR,Netbanking,Success,None,5,5,0,0,2026-08-25 07:01:57,1.0,1,Not Applicable,None,575.19,Low
TXN10741,CUST1129,Saanvi Kapoor,saanvi.kapoor112@example.com,+91 9994027897,Returning,454.82,INR,UPI,Success,None,7,2,0,0,2026-08-04 02:37:19,1.0,1,Not Applicable,None,454.82,Low
TXN10742,CUST1225,Ishaan Menon,ishaan.menon116@example.com,+91 9720535283,Returning,2756.99,INR,UPI,Success,None,11,1,0,0,2026-07-29 21:52:53,1.0,1,Not Applicable,None,2756.99,Low
TXN10743,CUST1057,Myra Kapoor,myra.kapoor846@example.com,+91 9695499669,New,135.23,INR,UPI,Success,None,3,2,0,0,2026-08-25 01:16:47,1.0,1,Not Applicable,None,135.23,Low
TXN10744,CUST1246,Ananya Singh,ananya.singh236@example.com,+91 9457629711,Returning,83890.37,INR,UPI,Success,None,5,0,0,0,2026-08-13 09:17:32,1.0,1,Not Applicable,None,83890.37,Low
TXN10745,CUST1205,Pooja Iyer,pooja.iyer621@example.com,+91 9122932394,Returning,4693.32,INR,Debit Card,Recovered,Temporary bank failure,6,2,1,705,2026-08-01 06:11:17,0.72,1,Recovered,Smart Retry payment,4693.32,Low
TXN10746,CUST1348,Ishaan Chatterjee,ishaan.chatterjee387@example.com,+91 9455665802,VIP,11444.55,INR,Credit Card,Recovered,Network error,31,0,1,528,2026-08-12 12:59:23,0.7205,1,Recovered,Smart Retry payment,11444.55,Low
TXN10747,CUST1144,Meera Gupta,meera.gupta83@example.com,+91 9164035859,VIP,4455.8,INR,Wallet,Failed,Insufficient funds,14,1,1,519,2026-08-22 16:46:31,0.3074,0,Pending Recovery,Escalate to support,0.0,High
TXN10748,CUST1097,Aditya Malhotra,aditya.malhotra565@example.com,+91 9600282414,Returning,58427.75,INR,Credit Card,Recovered,Bank decline,9,1,0,636,2026-08-01 21:47:16,0.32,1,Recovered,Escalate to support,58427.75,High
TXN10749,CUST1027,Meera Sharma,meera.sharma510@example.com,+91 9120912992,Returning,571.47,INR,Debit Card,Success,None,5,2,0,0,2026-08-04 22:13:00,1.0,1,Not Applicable,None,571.47,Low
TXN10750,CUST1219,Sneha Iyer,sneha.iyer919@example.com,+91 9345343109,Returning,2216.86,INR,UPI,Recovered,Temporary bank failure,9,4,0,58,2026-08-08 19:20:47,0.895,1,Recovered,Smart Retry payment,2216.86,Low
TXN10751,CUST1165,Gauri Joshi,gauri.joshi350@example.com,+91 9692616814,Returning,523.85,INR,Netbanking,Recovered,Payment gateway error,12,4,0,18,2026-08-04 07:55:56,0.8333,1,Recovered,Smart Retry payment,523.85,Low
TXN10752,CUST1067,Myra Reddy,myra.reddy252@example.com,+91 9274484941,VIP,766.16,INR,UPI,Success,None,16,1,0,0,2026-08-14 02:38:42,1.0,1,Not Applicable,None,766.16,Low
TXN10753,CUST1108,Reyansh Sharma,reyansh.sharma254@example.com,+91 9235528741,Returning,1348.84,INR,UPI,Success,None,11,0,0,0,2026-08-15 23:53:45,1.0,1,Not Applicable,None,1348.84,Low
TXN10754,CUST1336,Anika Sharma,anika.sharma412@example.com,+91 9642716859,New,7893.72,INR,UPI,Failed,Network error,2,0,1,551,2026-08-26 17:19:16,0.5675,0,Pending Recovery,Send payment reminder,0.0,Medium
TXN10755,CUST1023,Vihaan Joshi,vihaan.joshi797@example.com,+91 9788227492,Returning,475.39,INR,Debit Card,Success,None,8,0,0,0,2026-08-21 11:25:31,1.0,1,Not Applicable,None,475.39,Low
TXN10756,CUST1178,Aditya Menon,aditya.menon644@example.com,+91 9833510170,VIP,11726.78,INR,Debit Card,Success,None,16,1,0,0,2026-07-31 07:58:53,1.0,1,Not Applicable,None,11726.78,Low
TXN10757,CUST1258,Vivaan Rao,vivaan.rao459@example.com,+91 9662714327,Returning,1667.57,INR,UPI,Success,None,11,4,0,0,2026-08-07 11:16:27,1.0,1,Not Applicable,None,1667.57,Low
TXN10758,CUST1098,Reyansh Malhotra,reyansh.malhotra798@example.com,+91 9727150493,Returning,2589.58,INR,Credit Card,Success,None,2,4,0,0,2026-08-27 04:43:52,1.0,1,Not Applicable,None,2589.58,Low
TXN10759,CUST1197,Ayaan Patel,ayaan.patel485@example.com,+91 9852775879,Returning,2560.6,INR,Credit Card,Recovered,Temporary bank failure,8,4,2,530,2026-07-29 13:00:24,0.5314,1,Recovered,Send payment reminder,2560.6,Medium
TXN10760,CUST1269,Myra Chopra,myra.chopra195@example.com,+91 9992649957,New,866.23,INR,UPI,Failed,Payment gateway error,4,2,1,289,2026-08-01 16:06:28,0.5788,0,Pending Recovery,Send payment reminder,0.0,Medium
TXN10761,CUST1139,Rohan Iyer,rohan.iyer93@example.com,+91 9268638768,Returning,5772.75,INR,Wallet,Success,None,7,2,0,0,2026-08-04 07:10:07,1.0,1,Not Applicable,None,5772.75,Low
TXN10762,CUST1324,Rohan Nair,rohan.nair604@example.com,+91 9265564833,Returning,2476.07,INR,UPI,Success,None,4,4,0,0,2026-08-15 01:09:57,1.0,1,Not Applicable,None,2476.07,Low
TXN10763,CUST1314,Priya Deshmukh,priya.deshmukh134@example.com,+91 9315801027,Returning,985.74,INR,Credit Card,Failed,Payment gateway error,4,1,0,678,2026-08-09 05:42:08,0.8321,0,Pending Recovery,Smart Retry payment,0.0,Low
TXN10764,CUST1299,Priya Patel,priya.patel90@example.com,+91 9562360908,Returning,770.19,INR,UPI,Success,None,12,1,0,0,2026-08-24 14:13:40,1.0,1,Not Applicable,None,770.19,Low
TXN10765,CUST1227,Vihaan Gupta,vihaan.gupta836@example.com,+91 9560755939,Returning,340.91,INR,Credit Card,Success,None,13,5,0,0,2026-08-20 14:34:21,1.0,1,Not Applicable,None,340.91,Low
TXN10766,CUST1223,Priya Reddy,priya.reddy610@example.com,+91 9702998820,Returning,910.95,INR,UPI,Recovered,Network error,13,2,1,668,2026-08-04 05:55:06,0.6385,1,Recovered,Send payment reminder,910.95,Medium
TXN10767,CUST1159,Aarav Joshi,aarav.joshi240@example.com,+91 9221827951,Returning,258.96,INR,UPI,Success,None,13,0,0,0,2026-07-31 00:35:01,1.0,1,Not Applicable,None,258.96,Low
TXN10768,CUST1331,Shaurya Deshmukh,shaurya.deshmukh143@example.com,+91 9916757816,Enterprise,26515.2,INR,Credit Card,Success,None,19,2,0,0,2026-08-22 16:40:50,1.0,1,Not Applicable,None,26515.2,Low
TXN10769,CUST1011,Neha Rao,neha.rao399@example.com,+91 9398471886,VIP,111.2,INR,Debit Card,Success,None,25,2,0,0,2026-08-02 13:49:24,1.0,1,Not Applicable,None,111.2,Low
TXN10770,CUST1322,Navya Singh,navya.singh266@example.com,+91 9310777576,VIP,4168.81,INR,UPI,Success,None,30,2,0,0,2026-08-14 22:50:36,1.0,1,Not Applicable,None,4168.81,Low
TXN10771,CUST1044,Diya Chatterjee,diya.chatterjee895@example.com,+91 9530613729,Returning,531.38,INR,Credit Card,Success,None,3,2,0,0,2026-08-03 01:55:29,1.0,1,Not Applicable,None,531.38,Low
TXN10772,CUST1029,Sneha Chatterjee,sneha.chatterjee788@example.com,+91 9671988889,VIP,2069.56,INR,Credit Card,Failed,Insufficient funds,14,0,0,6,2026-07-30 17:21:53,0.4956,0,Pending Recovery,Send payment reminder,0.0,Medium
TXN10773,CUST1013,Vikram Patel,vikram.patel185@example.com,+91 9673528321,Returning,445.84,INR,UPI,Recovered,Customer abandoned checkout,6,2,2,508,2026-08-26 04:42:46,0.24,1,Recovered,Escalate to support,445.84,High
TXN10774,CUST1057,Myra Kapoor,myra.kapoor846@example.com,+91 9695499669,New,959.82,INR,UPI,Recovered,Temporary bank failure,4,2,0,159,2026-08-08 06:09:39,0.8287,1,Recovered,Smart Retry payment,959.82,Low
TXN10775,CUST1272,Pari Rao,pari.rao838@example.com,+91 9942211135,Returning,262.23,INR,UPI,Success,None,11,3,0,0,2026-08-19 02:05:09,1.0,1,Not Applicable,None,262.23,Low
TXN10776,CUST1054,Shaurya Patel,shaurya.patel646@example.com,+91 9704509817,New,548.33,INR,UPI,Failed,Insufficient funds,1,0,3,676,2026-08-25 20:51:10,0.05,0,Pending Recovery,Stop further retries,0.0,High
TXN10777,CUST1076,Vivaan Malhotra,vivaan.malhotra957@example.com,+91 9965984448,New,748.21,INR,Debit Card,Success,None,4,4,0,0,2026-07-31 11:22:42,1.0,1,Not Applicable,None,748.21,Low
TXN10778,CUST1143,Pooja Iyer,pooja.iyer567@example.com,+91 9341387305,Returning,389.75,INR,UPI,Success,None,12,2,0,0,2026-08-08 22:23:48,1.0,1,Not Applicable,None,389.75,Low
TXN10779,CUST1212,Karan Deshmukh,karan.deshmukh121@example.com,+91 9585337126,Returning,3545.78,INR,UPI,Success,None,14,1,0,0,2026-08-25 21:35:15,1.0,1,Not Applicable,None,3545.78,Low
TXN10780,CUST1276,Vikram Kapoor,vikram.kapoor301@example.com,+91 9190060226,VIP,3129.37,INR,Debit Card,Recovered,Customer abandoned checkout,19,1,1,94,2026-08-15 17:14:35,0.5114,1,Recovered,Send personalized recovery reminder,3129.37,Medium
TXN10781,CUST1002,Sneha Mehta,sneha.mehta923@example.com,+91 9685582861,Returning,864.54,INR,UPI,Success,None,4,4,0,0,2026-08-02 00:17:42,1.0,1,Not Applicable,None,864.54,Low
TXN10782,CUST1185,Sneha Chatterjee,sneha.chatterjee934@example.com,+91 9407298630,VIP,18000.72,INR,Debit Card,Recovered,Bank decline,20,2,0,234,2026-08-03 01:02:28,0.3863,1,Recovered,Escalate to support,18000.72,High
TXN10783,CUST1071,Ayaan Sharma,ayaan.sharma418@example.com,+91 9452468587,Returning,725.2,INR,UPI,Success,None,8,1,0,0,2026-08-19 03:42:29,1.0,1,Not Applicable,None,725.2,Low
TXN10784,CUST1055,Pari Iyer,pari.iyer145@example.com,+91 9474745382,Returning,1295.01,INR,Debit Card,Success,None,7,1,0,0,2026-07-30 02:53:26,1.0,1,Not Applicable,None,1295.01,Low
TXN10785,CUST1040,Sneha Kulkarni,sneha.kulkarni121@example.com,+91 9366992705,VIP,846.96,INR,UPI,Success,None,20,0,0,0,2026-08-12 02:39:01,1.0,1,Not Applicable,None,846.96,Low
TXN10786,CUST1154,Shaurya Gupta,shaurya.gupta801@example.com,+91 9533979662,Returning,3889.51,INR,UPI,Success,None,12,1,0,0,2026-07-29 08:48:26,1.0,1,Not Applicable,None,3889.51,Low
TXN10787,CUST1329,Ishaan Bose,ishaan.bose71@example.com,+91 9269737590,New,775.02,INR,Credit Card,Failed,Timeout,2,1,2,590,2026-08-23 12:42:26,0.315,0,Pending Recovery,Escalate to support,0.0,High
TXN10788,CUST1117,Sai Kapoor,sai.kapoor286@example.com,+91 9761330848,Enterprise,240.12,INR,Wallet,Success,None,29,1,0,0,2026-08-27 07:52:18,1.0,1,Not Applicable,None,240.12,Low
TXN10789,CUST1317,Ananya Chatterjee,ananya.chatterjee797@example.com,+91 9539625898,Returning,452.06,INR,Debit Card,Success,None,11,1,0,0,2026-08-16 02:47:43,1.0,1,Not Applicable,None,452.06,Low
TXN10790,CUST1245,Neha Mehta,neha.mehta613@example.com,+91 9529979713,New,676.7,INR,Debit Card,Recovered,Temporary bank failure,2,0,0,622,2026-08-22 14:08:49,0.8475,1,Recovered,Smart Retry payment,676.7,Low
TXN10791,CUST1172,Neha Kulkarni,neha.kulkarni889@example.com,+91 9672972597,VIP,352.99,INR,Credit Card,Recovered,Timeout,21,2,1,38,2026-08-16 12:18:08,0.657,1,Recovered,Smart Retry payment,352.99,Medium
TXN10792,CUST1044,Diya Chatterjee,diya.chatterjee895@example.com,+91 9530613729,Returning,56711.79,INR,Credit Card,Success,None,4,2,0,0,2026-07-30 13:43:54,1.0,1,Not Applicable,None,56711.79,Low
TXN10793,CUST1005,Ayaan Bose,ayaan.bose838@example.com,+91 9106977991,Returning,68859.16,INR,Wallet,Success,None,5,5,0,0,2026-08-07 16:26:00,1.0,1,Not Applicable,None,68859.16,Low
TXN10794,CUST1067,Myra Reddy,myra.reddy252@example.com,+91 9274484941,VIP,1389.42,INR,UPI,Success,None,17,1,0,0,2026-08-01 16:07:14,1.0,1,Not Applicable,None,1389.42,Low
TXN10795,CUST1301,Ishaan Bose,ishaan.bose446@example.com,+91 9278933456,Returning,2907.34,INR,Netbanking,Failed,Timeout,9,4,3,242,2026-08-03 08:31:52,0.205,0,Pending Recovery,Stop further retries,0.0,High
TXN10796,CUST1349,Diya Bhat,diya.bhat930@example.com,+91 9878810937,Returning,4074.53,INR,UPI,Success,None,13,1,0,0,2026-08-14 01:48:58,1.0,1,Not Applicable,None,4074.53,Low
TXN10797,CUST1175,Karan Mehta,karan.mehta720@example.com,+91 9421549249,Returning,217.08,INR,UPI,Success,None,2,0,0,0,2026-08-26 03:12:04,1.0,1,Not Applicable,None,217.08,Low
TXN10798,CUST1350,Myra Chatterjee,myra.chatterjee681@example.com,+91 9940636753,Returning,286.94,INR,Credit Card,Failed,Insufficient funds,12,5,0,321,2026-08-03 01:20:09,0.3976,0,Pending Recovery,Escalate to support,0.0,High
TXN10799,CUST1045,Ananya Sharma,ananya.sharma281@example.com,+91 9941889393,Enterprise,2818.78,INR,UPI,Recovered,Temporary bank failure,25,1,1,476,2026-07-31 11:21:44,0.8143,1,Recovered,Smart Retry payment,2818.78,Low
TXN10800,CUST1243,Vikram Malhotra,vikram.malhotra424@example.com,+91 9122394554,Returning,69604.51,INR,UPI,Success,None,8,2,0,0,2026-08-27 00:11:04,1.0,1,Not Applicable,None,69604.51,Low
TXN10801,CUST1187,Karan Reddy,karan.reddy935@example.com,+91 9773728014,Returning,11013.69,INR,Netbanking,Success,None,14,0,0,0,2026-08-02 02:48:46,1.0,1,Not Applicable,None,11013.69,Low
TXN10802,CUST1161,Diya Chatterjee,diya.chatterjee259@example.com,+91 9590470737,Enterprise,712.98,INR,Credit Card,Failed,Timeout,30,0,1,255,2026-08-24 19:22:25,0.6703,0,Pending Recovery,Smart Retry payment,0.0,Medium
TXN10803,CUST1288,Pooja Patel,pooja.patel379@example.com,+91 9172670118,Returning,866.75,INR,UPI,Recovered,Network error,12,4,0,482,2026-08-09 22:13:14,0.8033,1,Recovered,Smart Retry payment,866.75,Low
TXN10804,CUST1274,Navya Kapoor,navya.kapoor175@example.com,+91 9977130288,Returning,11972.33,INR,UPI,Success,None,7,4,0,0,2026-08-26 07:13:21,1.0,1,Not Applicable,None,11972.33,Low
TXN10805,CUST1103,Aarav Chopra,aarav.chopra688@example.com,+91 9129100607,Returning,157.02,INR,UPI,Success,None,4,3,0,0,2026-08-04 22:56:16,1.0,1,Not Applicable,None,157.02,Low
TXN10806,CUST1233,Myra Patel,myra.patel169@example.com,+91 9269017588,VIP,239.17,INR,Credit Card,Success,None,29,0,0,0,2026-08-07 12:31:27,1.0,1,Not Applicable,None,239.17,Low
TXN10807,CUST1195,Saanvi Chopra,saanvi.chopra972@example.com,+91 9498866784,VIP,826.68,INR,Debit Card,Success,None,13,2,0,0,2026-08-04 11:13:42,1.0,1,Not Applicable,None,826.68,Low
TXN10808,CUST1217,Pari Kulkarni,pari.kulkarni621@example.com,+91 9669681065,Returning,671.12,INR,UPI,Failed,Insufficient funds,10,4,1,690,2026-08-10 07:53:23,0.2181,0,Pending Recovery,Escalate to support,0.0,High
TXN10809,CUST1095,Vikram Singh,vikram.singh353@example.com,+91 9443285529,New,6386.53,INR,Netbanking,Failed,Network error,2,0,0,710,2026-08-20 15:05:34,0.7475,0,Pending Recovery,Smart Retry payment,0.0,Low
TXN10810,CUST1224,Pooja Mehta,pooja.mehta904@example.com,+91 9814403943,Returning,722.61,INR,UPI,Failed,Customer abandoned checkout,9,0,1,336,2026-08-21 22:18:04,0.4514,0,Pending Recovery,Send personalized recovery reminder,0.0,Medium
TXN10811,CUST1163,Krishna Malhotra,krishna.malhotra816@example.com,+91 9645179180,Returning,905.85,INR,Netbanking,Success,None,8,0,0,0,2026-08-08 03:22:16,1.0,1,Not Applicable,None,905.85,Low
TXN10812,CUST1135,Arjun Reddy,arjun.reddy981@example.com,+91 9426240903,VIP,1014.7,INR,Credit Card,Success,None,10,0,0,0,2026-08-02 02:28:58,1.0,1,Not Applicable,None,1014.7,Low
TXN10813,CUST1050,Neha Rao,neha.rao974@example.com,+91 9711684318,Returning,770.14,INR,UPI,Success,None,8,5,0,0,2026-08-21 16:16:10,1.0,1,Not Applicable,None,770.14,Low
TXN10814,CUST1108,Reyansh Sharma,reyansh.sharma254@example.com,+91 9235528741,Returning,83163.39,INR,Credit Card,Failed,Network error,12,0,2,516,2026-08-22 07:51:13,0.4743,0,Pending Recovery,Send payment reminder,0.0,Medium
TXN10815,CUST1234,Pooja Patel,pooja.patel687@example.com,+91 9555282394,Returning,415.56,INR,Debit Card,Success,None,11,4,0,0,2026-08-27 10:38:38,1.0,1,Not Applicable,None,415.56,Low
TXN10816,CUST1235,Gauri Malhotra,gauri.malhotra783@example.com,+91 9650127661,Returning,258.21,INR,Credit Card,Success,None,5,2,0,0,2026-08-10 03:31:05,1.0,1,Not Applicable,None,258.21,Low
TXN10817,CUST1224,Pooja Mehta,pooja.mehta904@example.com,+91 9814403943,Returning,3807.67,INR,Netbanking,Success,None,9,1,0,0,2026-07-31 22:57:32,1.0,1,Not Applicable,None,3807.67,Low
TXN10818,CUST1046,Diya Joshi,diya.joshi508@example.com,+91 9266211829,Returning,3464.43,INR,UPI,Success,None,7,3,0,0,2026-08-21 07:20:46,1.0,1,Not Applicable,None,3464.43,Low
TXN10819,CUST1228,Myra Joshi,myra.joshi961@example.com,+91 9806340901,New,4222.68,INR,Credit Card,Success,None,3,2,0,0,2026-08-04 23:38:11,1.0,1,Not Applicable,None,4222.68,Low
TXN10820,CUST1059,Krishna Singh,krishna.singh744@example.com,+91 9468164906,Returning,521.62,INR,UPI,Success,None,6,3,0,0,2026-08-25 17:05:02,1.0,1,Not Applicable,None,521.62,Low
TXN10821,CUST1203,Pooja Deshmukh,pooja.deshmukh670@example.com,+91 9485123110,Returning,436.18,INR,UPI,Recovered,Customer abandoned checkout,2,4,0,252,2026-08-24 12:54:13,0.5513,1,Recovered,Send personalized recovery reminder,436.18,Medium
TXN10822,CUST1213,Myra Verma,myra.verma940@example.com,+91 9807491789,Returning,122.62,INR,Debit Card,Success,None,11,2,0,0,2026-08-14 03:41:34,1.0,1,Not Applicable,None,122.62,Low
TXN10823,CUST1088,Ayaan Reddy,ayaan.reddy15@example.com,+91 9906341966,Returning,84533.89,INR,UPI,Success,None,3,3,0,0,2026-08-04 07:01:50,1.0,1,Not Applicable,None,84533.89,Low
TXN10824,CUST1296,Vivaan Iyer,vivaan.iyer892@example.com,+91 9938422254,Returning,944.45,INR,UPI,Success,None,2,3,0,0,2026-08-10 06:23:48,1.0,1,Not Applicable,None,944.45,Low
TXN10825,CUST1119,Rahul Patel,rahul.patel471@example.com,+91 9361846370,Returning,820.05,INR,Credit Card,Success,None,11,4,0,0,2026-08-22 05:22:03,1.0,1,Not Applicable,None,820.05,Low
TXN10826,CUST1134,Vihaan Patel,vihaan.patel85@example.com,+91 9719571745,Returning,7385.64,INR,UPI,Failed,Temporary bank failure,14,0,1,561,2026-07-29 16:09:43,0.7556,0,Pending Recovery,Smart Retry payment,0.0,Low
TXN10827,CUST1041,Pari Bose,pari.bose197@example.com,+91 9399085574,New,1101.13,INR,Debit Card,Success,None,3,1,0,0,2026-08-17 15:33:36,1.0,1,Not Applicable,None,1101.13,Low
TXN10828,CUST1335,Karan Nair,karan.nair537@example.com,+91 9601238919,Returning,9453.54,INR,Credit Card,Failed,Customer abandoned checkout,10,2,0,152,2026-08-22 01:08:09,0.6129,0,Pending Recovery,Send personalized recovery reminder,0.0,Medium
TXN10829,CUST1327,Reyansh Bhat,reyansh.bhat664@example.com,+91 9132519237,Returning,76351.04,INR,UPI,Success,None,14,4,0,0,2026-08-01 16:31:51,1.0,1,Not Applicable,None,76351.04,Low
TXN10830,CUST1093,Sneha Chatterjee,sneha.chatterjee779@example.com,+91 9365471644,Returning,543.82,INR,UPI,Success,None,16,3,0,0,2026-08-10 01:22:12,1.0,1,Not Applicable,None,543.82,Low
TXN10831,CUST1038,Reyansh Mehta,reyansh.mehta451@example.com,+91 9480424119,New,3502.11,INR,UPI,Success,None,3,1,0,0,2026-08-25 04:17:14,1.0,1,Not Applicable,None,3502.11,Low
TXN10832,CUST1083,Pooja Iyer,pooja.iyer822@example.com,+91 9954725078,Returning,108.13,INR,UPI,Success,None,6,0,0,0,2026-08-16 03:09:11,1.0,1,Not Applicable,None,108.13,Low
TXN10833,CUST1178,Aditya Menon,aditya.menon644@example.com,+91 9833510170,VIP,3455.41,INR,Credit Card,Recovered,Temporary bank failure,17,1,0,529,2026-08-21 00:12:04,0.95,1,Recovered,Smart Retry payment,3455.41,Low
TXN10834,CUST1111,Vihaan Bhat,vihaan.bhat329@example.com,+91 9718257024,New,6721.71,INR,UPI,Recovered,Payment gateway error,4,2,0,99,2026-08-05 04:34:07,0.7588,1,Recovered,Smart Retry payment,6721.71,Low
TXN10835,CUST1283,Reyansh Reddy,reyansh.reddy754@example.com,+91 9753780028,Returning,2867.71,INR,Debit Card,Success,None,12,3,0,0,2026-08-27 03:30:26,1.0,1,Not Applicable,None,2867.71,Low
TXN10836,CUST1102,Sneha Nair,sneha.nair951@example.com,+91 9237039296,VIP,4548.37,INR,UPI,Failed,Customer abandoned checkout,30,3,3,504,2026-08-16 02:50:24,0.1479,0,Pending Recovery,Stop further retries,0.0,High
TXN10837,CUST1229,Aarav Nair,aarav.nair790@example.com,+91 9431769776,Returning,771.37,INR,Debit Card,Success,None,10,2,0,0,2026-08-16 12:21:47,1.0,1,Not Applicable,None,771.37,Low
TXN10838,CUST1192,Priya Mehta,priya.mehta87@example.com,+91 9251136695,Returning,17289.31,INR,UPI,Success,None,10,7,0,0,2026-08-26 20:43:55,1.0,1,Not Applicable,None,17289.31,Low
TXN10839,CUST1310,Vikram Bose,vikram.bose636@example.com,+91 9406635834,New,14675.82,INR,Wallet,Recovered,Customer abandoned checkout,5,1,0,79,2026-07-29 22:41:25,0.5475,1,Recovered,Send personalized recovery reminder,14675.82,Medium
TXN10840,CUST1191,Rahul Nair,rahul.nair854@example.com,+91 9617380166,Returning,800.56,INR,UPI,Recovered,Customer abandoned checkout,8,2,2,580,2026-07-29 12:32:56,0.2475,1,Recovered,Escalate to support,800.56,High
TXN10841,CUST1146,Ishaan Chopra,ishaan.chopra522@example.com,+91 9679800791,VIP,3108.52,INR,UPI,Failed,Temporary bank failure,24,1,2,436,2026-08-16 23:31:57,0.6339,0,Pending Recovery,Send payment reminder,0.0,Medium
TXN10842,CUST1223,Priya Reddy,priya.reddy610@example.com,+91 9702998820,Returning,387.11,INR,UPI,Success,None,14,2,0,0,2026-08-13 18:53:50,1.0,1,Not Applicable,None,387.11,Low
TXN10843,CUST1064,Vivaan Deshmukh,vivaan.deshmukh161@example.com,+91 9561479973,Returning,3405.12,INR,Credit Card,Recovered,Timeout,5,0,0,477,2026-07-29 13:10:20,0.7736,1,Recovered,Smart Retry payment,3405.12,Low
TXN10844,CUST1207,Saanvi Iyer,saanvi.iyer248@example.com,+91 9452788129,VIP,579.12,INR,Credit Card,Recovered,Network error,15,3,0,329,2026-07-29 20:01:05,0.875,1,Recovered,Smart Retry payment,579.12,Low
TXN10845,CUST1205,Pooja Iyer,pooja.iyer621@example.com,+91 9122932394,Returning,796.15,INR,Credit Card,Failed,Timeout,7,2,2,387,2026-08-07 18:40:27,0.3941,0,Pending Recovery,Escalate to support,0.0,High
TXN10846,CUST1053,Ayaan Gupta,ayaan.gupta697@example.com,+91 9793101194,Returning,142.05,INR,UPI,Recovered,Temporary bank failure,6,3,0,382,2026-08-08 05:22:48,0.8905,1,Recovered,Smart Retry payment,142.05,Low
TXN10847,CUST1276,Vikram Kapoor,vikram.kapoor301@example.com,+91 9190060226,VIP,80717.17,INR,Netbanking,Recovered,Temporary bank failure,20,1,0,632,2026-08-21 13:19:05,0.95,1,Recovered,Smart Retry payment,80717.17,Low
TXN10848,CUST1195,Saanvi Chopra,saanvi.chopra972@example.com,+91 9498866784,VIP,252.3,INR,UPI,Success,None,14,2,0,0,2026-08-02 12:10:13,1.0,1,Not Applicable,None,252.3,Low
TXN10849,CUST1212,Karan Deshmukh,karan.deshmukh121@example.com,+91 9585337126,Returning,3672.27,INR,Credit Card,Recovered,Customer abandoned checkout,15,1,0,99,2026-08-12 16:20:02,0.6283,1,Recovered,Send personalized recovery reminder,3672.27,Medium
TXN10850,CUST1152,Shaurya Mehta,shaurya.mehta347@example.com,+91 9542000551,VIP,2411.69,INR,Debit Card,Recovered,Temporary bank failure,32,2,0,222,2026-08-18 02:59:00,0.95,1,Recovered,Smart Retry payment,2411.69,Low
TXN10851,CUST1111,Vihaan Bhat,vihaan.bhat329@example.com,+91 9718257024,New,2539.86,INR,Credit Card,Failed,Payment gateway error,5,2,2,469,2026-08-23 00:46:38,0.405,0,Pending Recovery,Send payment reminder,0.0,Medium
TXN10852,CUST1259,Sai Deshmukh,sai.deshmukh299@example.com,+91 9515985367,Returning,216.05,INR,Netbanking,Recovered,Network error,12,2,0,438,2026-08-12 00:54:00,0.8169,1,Recovered,Smart Retry payment,216.05,Low
TXN10853,CUST1158,Aarav Menon,aarav.menon736@example.com,+91 9270057261,Returning,57520.75,INR,UPI,Success,None,6,4,0,0,2026-08-01 04:23:39,1.0,1,Not Applicable,None,57520.75,Low
TXN10854,CUST1236,Diya Mehta,diya.mehta704@example.com,+91 9736873048,Returning,124.73,INR,Credit Card,Success,None,14,5,0,0,2026-08-06 17:17:50,1.0,1,Not Applicable,None,124.73,Low
TXN10855,CUST1221,Shaurya Gupta,shaurya.gupta166@example.com,+91 9837468465,Returning,456.24,INR,UPI,Recovered,Network error,10,0,2,203,2026-08-11 10:59:49,0.4725,1,Recovered,Send payment reminder,456.24,Medium
TXN10856,CUST1207,Saanvi Iyer,saanvi.iyer248@example.com,+91 9452788129,VIP,347.33,INR,Credit Card,Success,None,16,3,0,0,2026-08-01 04:40:59,1.0,1,Not Applicable,None,347.33,Low
TXN10857,CUST1057,Myra Kapoor,myra.kapoor846@example.com,+91 9695499669,New,146.82,INR,UPI,Recovered,Timeout,5,2,1,406,2026-07-30 22:38:06,0.505,1,Recovered,Send payment reminder,146.82,Medium
TXN10858,CUST1113,Vihaan Singh,vihaan.singh624@example.com,+91 9964929067,VIP,4517.23,INR,UPI,Recovered,Timeout,11,2,1,101,2026-08-21 18:40:52,0.645,1,Recovered,Send payment reminder,4517.23,Medium
TXN10859,CUST1319,Atharva Reddy,atharva.reddy808@example.com,+91 9691957561,VIP,2220.99,INR,Netbanking,Failed,Insufficient funds,29,2,0,18,2026-08-07 09:20:28,0.4914,0,Pending Recovery,Send payment reminder,0.0,Medium
TXN10860,CUST1220,Rahul Bose,rahul.bose757@example.com,+91 9202097643,Returning,258.76,INR,UPI,Failed,Expired card,8,3,1,505,2026-08-19 01:54:35,0.05,0,Pending Recovery,Escalate to support,0.0,High
TXN10861,CUST1242,Meera Patel,meera.patel599@example.com,+91 9560940492,VIP,836.03,INR,Credit Card,Success,None,26,1,0,0,2026-08-23 10:22:57,1.0,1,Not Applicable,None,836.03,Low
TXN10862,CUST1076,Vivaan Malhotra,vivaan.malhotra957@example.com,+91 9965984448,New,1399.87,INR,Debit Card,Recovered,Customer abandoned checkout,5,4,0,474,2026-08-12 22:33:34,0.5168,1,Recovered,Send personalized recovery reminder,1399.87,Medium
TXN10863,CUST1181,Sai Patel,sai.patel363@example.com,+91 9730900313,Returning,399.36,INR,Credit Card,Success,None,6,4,0,0,2026-08-24 15:27:06,1.0,1,Not Applicable,None,399.36,Low
TXN10864,CUST1139,Rohan Iyer,rohan.iyer93@example.com,+91 9268638768,Returning,3912.13,INR,UPI,Success,None,8,2,0,0,2026-08-24 04:29:39,1.0,1,Not Applicable,None,3912.13,Low
TXN10865,CUST1255,Pari Verma,pari.verma839@example.com,+91 9713811693,Returning,618.83,INR,Credit Card,Success,None,13,2,0,0,2026-08-04 04:10:42,1.0,1,Not Applicable,None,618.83,Low
TXN10866,CUST1194,Pari Mehta,pari.mehta698@example.com,+91 9904245086,Returning,4860.85,INR,Netbanking,Success,None,15,3,0,0,2026-08-25 07:23:36,1.0,1,Not Applicable,None,4860.85,Low
TXN10867,CUST1270,Priya Nair,priya.nair54@example.com,+91 9541156077,Returning,918.29,INR,UPI,Failed,Temporary bank failure,8,1,1,356,2026-08-16 10:52:39,0.7377,0,Pending Recovery,Smart Retry payment,0.0,Low
TXN10868,CUST1063,Aarav Mehta,aarav.mehta914@example.com,+91 9841976666,New,508.52,INR,Wallet,Success,None,2,2,0,0,2026-08-07 11:07:15,1.0,1,Not Applicable,None,508.52,Low
TXN10869,CUST1076,Vivaan Malhotra,vivaan.malhotra957@example.com,+91 9965984448,New,1600.76,INR,Wallet,Success,None,6,4,0,0,2026-08-18 02:15:23,1.0,1,Not Applicable,None,1600.76,Low
TXN10870,CUST1151,Rahul Chatterjee,rahul.chatterjee491@example.com,+91 9473620340,Enterprise,135.86,INR,UPI,Success,None,21,1,0,0,2026-07-30 18:26:05,1.0,1,Not Applicable,None,135.86,Low
TXN10871,CUST1339,Amit Gupta,amit.gupta792@example.com,+91 9532990767,Returning,5748.48,INR,UPI,Success,None,9,0,0,0,2026-08-21 22:33:23,1.0,1,Not Applicable,None,5748.48,Low
TXN10872,CUST1288,Pooja Patel,pooja.patel379@example.com,+91 9172670118,Returning,176.4,INR,UPI,Success,None,13,4,0,0,2026-08-04 07:51:42,1.0,1,Not Applicable,None,176.4,Low
TXN10873,CUST1113,Vihaan Singh,vihaan.singh624@example.com,+91 9964929067,VIP,938.64,INR,UPI,Success,None,12,2,0,0,2026-08-09 20:50:26,1.0,1,Not Applicable,None,938.64,Low
TXN10874,CUST1134,Vihaan Patel,vihaan.patel85@example.com,+91 9719571745,Returning,13954.98,INR,UPI,Success,None,14,1,0,0,2026-08-24 21:59:14,1.0,1,Not Applicable,None,13954.98,Low
TXN10875,CUST1103,Aarav Chopra,aarav.chopra688@example.com,+91 9129100607,Returning,473.68,INR,UPI,Recovered,Temporary bank failure,5,3,1,452,2026-08-07 16:32:10,0.705,1,Recovered,Smart Retry payment,473.68,Low
TXN10876,CUST1270,Priya Nair,priya.nair54@example.com,+91 9541156077,Returning,380.93,INR,Netbanking,Success,None,8,2,0,0,2026-08-12 08:09:40,1.0,1,Not Applicable,None,380.93,Low
TXN10877,CUST1211,Arjun Malhotra,arjun.malhotra773@example.com,+91 9168244921,Returning,4649.32,INR,UPI,Success,None,13,4,0,0,2026-07-31 16:28:21,1.0,1,Not Applicable,None,4649.32,Low
TXN10878,CUST1125,Ishaan Bhat,ishaan.bhat576@example.com,+91 9670073085,Returning,2492.07,INR,Credit Card,Success,None,9,4,0,0,2026-08-24 06:45:38,1.0,1,Not Applicable,None,2492.07,Low
TXN10879,CUST1065,Ishaan Deshmukh,ishaan.deshmukh825@example.com,+91 9142836793,VIP,104.36,INR,Debit Card,Success,None,21,0,0,0,2026-08-11 17:20:28,1.0,1,Not Applicable,None,104.36,Low
TXN10880,CUST1333,Ayaan Reddy,ayaan.reddy307@example.com,+91 9512477736,New,633.91,INR,Debit Card,Success,None,9,1,0,0,2026-08-19 09:54:14,1.0,1,Not Applicable,None,633.91,Low
TXN10881,CUST1300,Pari Singh,pari.singh91@example.com,+91 9452101316,Returning,3956.71,INR,UPI,Recovered,Payment gateway error,15,3,1,163,2026-08-02 21:59:04,0.665,1,Recovered,Smart Retry payment,3956.71,Medium
TXN10882,CUST1160,Rohan Reddy,rohan.reddy743@example.com,+91 9413383963,Returning,4745.19,INR,Debit Card,Success,None,13,2,0,0,2026-08-03 22:52:37,1.0,1,Not Applicable,None,4745.19,Low
TXN10883,CUST1062,Krishna Nair,krishna.nair574@example.com,+91 9857704655,Returning,1988.58,INR,UPI,Recovered,Payment gateway error,12,5,0,193,2026-08-13 10:45:17,0.8276,1,Recovered,Smart Retry payment,1988.58,Low
TXN10884,CUST1280,Shaurya Mehta,shaurya.mehta675@example.com,+91 9460015275,VIP,650.48,INR,UPI,Success,None,13,0,0,0,2026-08-01 16:45:54,1.0,1,Not Applicable,None,650.48,Low
TXN10885,CUST1073,Shaurya Sharma,shaurya.sharma277@example.com,+91 9291735734,New,14861.32,INR,UPI,Success,None,3,1,0,0,2026-08-14 17:31:32,1.0,1,Not Applicable,None,14861.32,Low
TXN10886,CUST1342,Pooja Menon,pooja.menon109@example.com,+91 9522950895,New,628.89,INR,UPI,Failed,Insufficient funds,3,1,0,295,2026-08-10 05:19:20,0.335,0,Pending Recovery,Escalate to support,0.0,High
TXN10887,CUST1289,Navya Kapoor,navya.kapoor409@example.com,+91 9604803700,Returning,621.48,INR,UPI,Success,None,3,3,0,0,2026-08-18 00:58:20,1.0,1,Not Applicable,None,621.48,Low
TXN10888,CUST1182,Vikram Gupta,vikram.gupta319@example.com,+91 9313907621,Returning,50413.96,INR,Debit Card,Recovered,Network error,9,3,0,542,2026-08-27 16:36:39,0.8021,1,Recovered,Smart Retry payment,50413.96,Low
TXN10889,CUST1033,Amit Kapoor,amit.kapoor263@example.com,+91 9341266931,Returning,235.26,INR,Credit Card,Success,None,5,2,0,0,2026-08-12 11:23:32,1.0,1,Not Applicable,None,235.26,Low
TXN10890,CUST1338,Amit Chatterjee,amit.chatterjee18@example.com,+91 9215424112,Returning,453.54,INR,Netbanking,Success,None,11,1,0,0,2026-08-09 15:16:23,1.0,1,Not Applicable,None,453.54,Low
TXN10891,CUST1295,Meera Singh,meera.singh844@example.com,+91 9683074770,Returning,3027.41,INR,Credit Card,Recovered,Timeout,11,2,2,74,2026-08-19 09:11:11,0.405,1,Recovered,Send payment reminder,3027.41,Medium
TXN10892,CUST1082,Diya Bhat,diya.bhat339@example.com,+91 9599277266,Returning,697.73,INR,Credit Card,Success,None,10,3,0,0,2026-08-07 19:47:50,1.0,1,Not Applicable,None,697.73,Low
TXN10893,CUST1122,Pari Sharma,pari.sharma205@example.com,+91 9191926217,Returning,891.68,INR,Debit Card,Recovered,Payment gateway error,7,4,0,79,2026-08-27 22:44:39,0.8173,1,Recovered,Smart Retry payment,891.68,Low
TXN10894,CUST1192,Priya Mehta,priya.mehta87@example.com,+91 9251136695,Returning,4361.88,INR,Netbanking,Recovered,Timeout,11,7,0,263,2026-08-19 05:25:08,0.735,1,Recovered,Smart Retry payment,4361.88,Low
TXN10895,CUST1348,Ishaan Chatterjee,ishaan.chatterjee387@example.com,+91 9455665802,VIP,280.07,INR,UPI,Success,None,32,0,0,0,2026-08-22 07:55:03,1.0,1,Not Applicable,None,280.07,Low
TXN10896,CUST1323,Krishna Reddy,krishna.reddy639@example.com,+91 9672817675,Returning,26253.4,INR,UPI,Failed,Insufficient funds,5,5,0,703,2026-07-29 18:49:06,0.27,0,Pending Recovery,Escalate to support,0.0,High
TXN10897,CUST1329,Ishaan Bose,ishaan.bose71@example.com,+91 9269737590,New,1760.36,INR,UPI,Success,None,2,2,0,0,2026-08-13 06:22:28,1.0,1,Not Applicable,None,1760.36,Low
TXN10898,CUST1071,Ayaan Sharma,ayaan.sharma418@example.com,+91 9452468587,Returning,11582.73,INR,Credit Card,Success,None,9,1,0,0,2026-08-15 01:54:08,1.0,1,Not Applicable,None,11582.73,Low
TXN10899,CUST1052,Navya Kulkarni,navya.kulkarni219@example.com,+91 9819112790,VIP,306.52,INR,Credit Card,Failed,Payment gateway error,33,1,1,74,2026-08-05 12:30:53,0.7467,0,Pending Recovery,Smart Retry payment,0.0,Low
TXN10900,CUST1081,Ishaan Chopra,ishaan.chopra10@example.com,+91 9426283245,Returning,24860.51,INR,Credit Card,Success,None,9,2,0,0,2026-08-26 07:28:28,1.0,1,Not Applicable,None,24860.51,Low
TXN10901,CUST1030,Pooja Chatterjee,pooja.chatterjee179@example.com,+91 9384602384,VIP,4566.34,INR,Credit Card,Success,None,25,2,0,0,2026-08-28 00:53:13,1.0,1,Not Applicable,None,4566.34,Low
TXN10902,CUST1216,Myra Reddy,myra.reddy291@example.com,+91 9770355806,New,400.09,INR,Debit Card,Failed,Customer abandoned checkout,3,2,2,246,2026-08-15 00:22:09,0.1607,0,Pending Recovery,Escalate to support,0.0,High
TXN10903,CUST1289,Navya Kapoor,navya.kapoor409@example.com,+91 9604803700,Returning,15545.66,INR,Debit Card,Recovered,Timeout,4,3,0,569,2026-08-28 05:28:29,0.7283,1,Recovered,Smart Retry payment,15545.66,Low
TXN10904,CUST1067,Myra Reddy,myra.reddy252@example.com,+91 9274484941,VIP,136.57,INR,UPI,Success,None,18,1,0,0,2026-08-17 19:08:39,1.0,1,Not Applicable,None,136.57,Low
TXN10905,CUST1117,Sai Kapoor,sai.kapoor286@example.com,+91 9761330848,Enterprise,148.82,INR,Debit Card,Success,None,30,1,0,0,2026-08-14 17:44:58,1.0,1,Not Applicable,None,148.82,Low
TXN10906,CUST1010,Vikram Patel,vikram.patel243@example.com,+91 9930075810,New,1208.51,INR,Debit Card,Success,None,1,1,0,0,2026-08-11 04:01:43,1.0,1,Not Applicable,None,1208.51,Low
TXN10907,CUST1225,Ishaan Menon,ishaan.menon116@example.com,+91 9720535283,Returning,653.09,INR,Netbanking,Recovered,Temporary bank failure,12,1,0,427,2026-08-09 01:04:43,0.925,1,Recovered,Smart Retry payment,653.09,Low
TXN10908,CUST1275,Arjun Gupta,arjun.gupta502@example.com,+91 9498585961,New,4962.76,INR,UPI,Success,None,6,0,0,0,2026-08-22 07:39:10,1.0,1,Not Applicable,None,4962.76,Low
TXN10909,CUST1093,Sneha Chatterjee,sneha.chatterjee779@example.com,+91 9365471644,Returning,381.71,INR,Credit Card,Success,None,17,3,0,0,2026-08-27 22:40:37,1.0,1,Not Applicable,None,381.71,Low
TXN10910,CUST1337,Reyansh Bhat,reyansh.bhat61@example.com,+91 9402104065,Returning,168.12,INR,UPI,Success,None,12,5,0,0,2026-08-13 10:17:19,1.0,1,Not Applicable,None,168.12,Low
TXN10911,CUST1113,Vihaan Singh,vihaan.singh624@example.com,+91 9964929067,VIP,371.45,INR,UPI,Success,None,13,2,0,0,2026-08-24 04:49:56,1.0,1,Not Applicable,None,371.45,Low
TXN10912,CUST1164,Ishaan Singh,ishaan.singh603@example.com,+91 9808605988,VIP,3013.28,INR,UPI,Success,None,25,0,0,0,2026-08-19 15:13:04,1.0,1,Not Applicable,None,3013.28,Low
TXN10913,CUST1105,Gauri Kulkarni,gauri.kulkarni910@example.com,+91 9507083673,Returning,17620.54,INR,Credit Card,Failed,Customer abandoned checkout,6,5,0,245,2026-08-14 14:20:59,0.5758,0,Pending Recovery,Send personalized recovery reminder,0.0,Medium
TXN10914,CUST1333,Ayaan Reddy,ayaan.reddy307@example.com,+91 9512477736,New,4811.23,INR,UPI,Success,None,10,1,0,0,2026-08-06 13:07:06,1.0,1,Not Applicable,None,4811.23,Low
TXN10915,CUST1044,Diya Chatterjee,diya.chatterjee895@example.com,+91 9530613729,Returning,868.12,INR,UPI,Recovered,Payment gateway error,5,2,1,550,2026-08-09 18:34:30,0.645,1,Recovered,Send payment reminder,868.12,Medium
TXN10916,CUST1157,Pari Reddy,pari.reddy458@example.com,+91 9849740261,VIP,785.7,INR,Netbanking,Success,None,25,0,0,0,2026-08-20 20:27:00,1.0,1,Not Applicable,None,785.7,Low
TXN10917,CUST1135,Arjun Reddy,arjun.reddy981@example.com,+91 9426240903,VIP,13863.79,INR,Debit Card,Failed,Customer abandoned checkout,11,0,1,63,2026-08-23 04:08:06,0.5135,0,Pending Recovery,Send personalized recovery reminder,0.0,Medium
TXN10918,CUST1284,Vihaan Singh,vihaan.singh134@example.com,+91 9151270577,New,748.17,INR,Credit Card,Success,None,1,2,0,0,2026-08-26 11:14:41,1.0,1,Not Applicable,None,748.17,Low
TXN10919,CUST1291,Ayaan Mehta,ayaan.mehta762@example.com,+91 9912477810,Returning,2040.14,INR,Wallet,Success,None,7,1,0,0,2026-08-27 21:43:54,1.0,1,Not Applicable,None,2040.14,Low
TXN10920,CUST1144,Meera Gupta,meera.gupta83@example.com,+91 9164035859,VIP,4802.92,INR,UPI,Recovered,Timeout,14,2,0,680,2026-08-14 11:38:56,0.83,1,Recovered,Smart Retry payment,4802.92,Low
TXN10921,CUST1335,Karan Nair,karan.nair537@example.com,+91 9601238919,Returning,14119.38,INR,UPI,Success,None,10,3,0,0,2026-08-07 18:03:02,1.0,1,Not Applicable,None,14119.38,Low
TXN10922,CUST1237,Pooja Singh,pooja.singh414@example.com,+91 9743520276,New,106.98,INR,UPI,Recovered,Timeout,1,1,0,629,2026-08-17 13:03:26,0.66,1,Recovered,Smart Retry payment,106.98,Medium
TXN10923,CUST1033,Amit Kapoor,amit.kapoor263@example.com,+91 9341266931,Returning,331.21,INR,Debit Card,Recovered,Insufficient funds,6,2,1,243,2026-08-12 22:25:46,0.22,1,Recovered,Escalate to support,331.21,High
TXN10924,CUST1020,Navya Chatterjee,navya.chatterjee58@example.com,+91 9217734861,New,555.05,INR,UPI,Failed,Expired card,1,3,3,21,2026-08-14 17:18:39,0.05,0,Pending Recovery,Stop further retries,0.0,High
TXN10925,CUST1181,Sai Patel,sai.patel363@example.com,+91 9730900313,Returning,1178.89,INR,UPI,Recovered,Payment gateway error,7,4,1,702,2026-08-13 04:21:11,0.6373,1,Recovered,Send payment reminder,1178.89,Medium
TXN10926,CUST1329,Ishaan Bose,ishaan.bose71@example.com,+91 9269737590,New,353.78,INR,UPI,Success,None,3,2,0,0,2026-08-09 15:23:41,1.0,1,Not Applicable,None,353.78,Low
TXN10927,CUST1192,Priya Mehta,priya.mehta87@example.com,+91 9251136695,Returning,4893.03,INR,Credit Card,Recovered,Temporary bank failure,12,7,1,325,2026-07-31 03:05:30,0.7079,1,Recovered,Smart Retry payment,4893.03,Low
TXN10928,CUST1261,Shaurya Mehta,shaurya.mehta405@example.com,+91 9405100495,Returning,3850.65,INR,Netbanking,Failed,Customer abandoned checkout,6,5,1,84,2026-08-15 23:28:21,0.3958,0,Pending Recovery,Escalate to support,0.0,High
TXN10929,CUST1115,Navya Kulkarni,navya.kulkarni440@example.com,+91 9982971099,New,4990.25,INR,Credit Card,Success,None,3,2,0,0,2026-08-14 04:23:14,1.0,1,Not Applicable,None,4990.25,Low
TXN10930,CUST1027,Meera Sharma,meera.sharma510@example.com,+91 9120912992,Returning,3636.13,INR,Credit Card,Recovered,Payment gateway error,6,2,1,375,2026-08-04 07:13:19,0.65,1,Recovered,Smart Retry payment,3636.13,Medium
TXN10931,CUST1162,Ananya Iyer,ananya.iyer530@example.com,+91 9901325519,VIP,1461.55,INR,UPI,Success,None,12,0,0,0,2026-08-24 15:06:40,1.0,1,Not Applicable,None,1461.55,Low
TXN10932,CUST1259,Sai Deshmukh,sai.deshmukh299@example.com,+91 9515985367,Returning,425.07,INR,Credit Card,Failed,Expired card,13,2,2,255,2026-08-21 16:54:57,0.05,0,Pending Recovery,Escalate to support,0.0,High
TXN10933,CUST1209,Priya Nair,priya.nair897@example.com,+91 9127681228,New,3662.94,INR,Credit Card,Success,None,1,2,0,0,2026-08-08 05:43:30,1.0,1,Not Applicable,None,3662.94,Low
TXN10934,CUST1259,Sai Deshmukh,sai.deshmukh299@example.com,+91 9515985367,Returning,57440.76,INR,Credit Card,Success,None,13,3,0,0,2026-08-25 16:45:33,1.0,1,Not Applicable,None,57440.76,Low
TXN10935,CUST1062,Krishna Nair,krishna.nair574@example.com,+91 9857704655,Returning,787.96,INR,Debit Card,Success,None,13,5,0,0,2026-08-01 18:12:45,1.0,1,Not Applicable,None,787.96,Low
TXN10936,CUST1013,Vikram Patel,vikram.patel185@example.com,+91 9673528321,Returning,4958.74,INR,UPI,Success,None,7,2,0,0,2026-08-26 07:14:00,1.0,1,Not Applicable,None,4958.74,Low
TXN10937,CUST1206,Ayaan Reddy,ayaan.reddy220@example.com,+91 9173669588,Returning,1965.5,INR,UPI,Failed,Temporary bank failure,12,2,1,80,2026-08-22 22:48:54,0.7369,0,Pending Recovery,Smart Retry payment,0.0,Low
TXN10938,CUST1182,Vikram Gupta,vikram.gupta319@example.com,+91 9313907621,Returning,18659.2,INR,Credit Card,Success,None,10,3,0,0,2026-08-11 16:29:24,1.0,1,Not Applicable,None,18659.2,Low
TXN10939,CUST1094,Karan Kapoor,karan.kapoor254@example.com,+91 9394846763,Returning,3357.64,INR,Debit Card,Success,None,10,0,0,0,2026-08-02 11:03:55,1.0,1,Not Applicable,None,3357.64,Low
TXN10940,CUST1346,Meera Menon,meera.menon412@example.com,+91 9761962359,Returning,2517.12,INR,UPI,Success,None,6,4,0,0,2026-08-16 09:55:18,1.0,1,Not Applicable,None,2517.12,Low
TXN10941,CUST1153,Ishaan Chopra,ishaan.chopra573@example.com,+91 9139403247,VIP,1193.1,INR,Credit Card,Success,None,22,0,0,0,2026-08-14 00:13:41,1.0,1,Not Applicable,None,1193.1,Low
TXN10942,CUST1197,Ayaan Patel,ayaan.patel485@example.com,+91 9852775879,Returning,259.57,INR,UPI,Success,None,9,4,0,0,2026-08-20 20:34:04,1.0,1,Not Applicable,None,259.57,Low
TXN10943,CUST1266,Reyansh Kulkarni,reyansh.kulkarni507@example.com,+91 9306164050,VIP,890.63,INR,UPI,Failed,Payment gateway error,16,0,0,270,2026-08-03 03:00:14,0.9267,0,Pending Recovery,Smart Retry payment,0.0,Low
TXN10944,CUST1055,Pari Iyer,pari.iyer145@example.com,+91 9474745382,Returning,14995.84,INR,UPI,Failed,Bank decline,8,1,3,557,2026-08-23 17:59:46,0.05,0,Pending Recovery,Stop further retries,0.0,High
TXN10945,CUST1100,Pari Joshi,pari.joshi929@example.com,+91 9336801619,Returning,848.25,INR,UPI,Failed,Network error,11,1,2,307,2026-08-26 16:38:07,0.4636,0,Pending Recovery,Send payment reminder,0.0,Medium
TXN10946,CUST1062,Krishna Nair,krishna.nair574@example.com,+91 9857704655,Returning,488.04,INR,UPI,Success,None,14,5,0,0,2026-08-28 08:38:10,1.0,1,Not Applicable,None,488.04,Low
TXN10947,CUST1182,Vikram Gupta,vikram.gupta319@example.com,+91 9313907621,Returning,16163.42,INR,UPI,Failed,Customer abandoned checkout,11,3,1,80,2026-08-02 21:40:50,0.4275,0,Pending Recovery,Send personalized recovery reminder,0.0,Medium
TXN10948,CUST1162,Ananya Iyer,ananya.iyer530@example.com,+91 9901325519,VIP,5575.31,INR,UPI,Success,None,13,0,0,0,2026-08-13 16:56:25,1.0,1,Not Applicable,None,5575.31,Low
TXN10949,CUST1321,Arjun Singh,arjun.singh340@example.com,+91 9861639583,New,670.05,INR,UPI,Recovered,Payment gateway error,4,1,0,196,2026-08-10 01:54:14,0.7721,1,Recovered,Smart Retry payment,670.05,Low
TXN10950,CUST1145,Myra Bhat,myra.bhat459@example.com,+91 9233523720,VIP,670.3,INR,UPI,Success,None,24,2,0,0,2026-08-19 18:47:46,1.0,1,Not Applicable,None,670.3,Low
TXN10951,CUST1252,Ishaan Gupta,ishaan.gupta370@example.com,+91 9644748834,Returning,1833.98,INR,UPI,Success,None,6,5,0,0,2026-08-06 03:24:45,1.0,1,Not Applicable,None,1833.98,Low
TXN10952,CUST1327,Reyansh Bhat,reyansh.bhat664@example.com,+91 9132519237,Returning,576.42,INR,Wallet,Success,None,15,4,0,0,2026-08-23 22:45:33,1.0,1,Not Applicable,None,576.42,Low
TXN10953,CUST1251,Shaurya Kulkarni,shaurya.kulkarni79@example.com,+91 9603500181,New,2568.45,INR,UPI,Success,None,2,3,0,0,2026-07-31 21:37:59,1.0,1,Not Applicable,None,2568.45,Low
TXN10954,CUST1148,Krishna Sharma,krishna.sharma994@example.com,+91 9824022357,New,501.46,INR,UPI,Success,None,5,2,0,0,2026-08-04 02:11:00,1.0,1,Not Applicable,None,501.46,Low
TXN10955,CUST1178,Aditya Menon,aditya.menon644@example.com,+91 9833510170,VIP,3818.57,INR,Debit Card,Success,None,18,1,0,0,2026-08-22 11:44:02,1.0,1,Not Applicable,None,3818.57,Low
TXN10956,CUST1121,Reyansh Deshmukh,reyansh.deshmukh358@example.com,+91 9400281010,Returning,340.13,INR,UPI,Success,None,11,3,0,0,2026-08-10 16:24:44,1.0,1,Not Applicable,None,340.13,Low
TXN10957,CUST1346,Meera Menon,meera.menon412@example.com,+91 9761962359,Returning,451.24,INR,UPI,Recovered,Payment gateway error,7,4,2,320,2026-08-25 12:28:16,0.4573,1,Recovered,Send payment reminder,451.24,Medium
TXN10958,CUST1114,Priya Verma,priya.verma448@example.com,+91 9810303128,Returning,1665.97,INR,UPI,Success,None,8,0,0,0,2026-08-26 21:34:50,1.0,1,Not Applicable,None,1665.97,Low
TXN10959,CUST1310,Vikram Bose,vikram.bose636@example.com,+91 9406635834,New,4800.16,INR,UPI,Recovered,Customer abandoned checkout,6,1,0,55,2026-08-21 14:36:11,0.5517,1,Recovered,Send personalized recovery reminder,4800.16,Medium
TXN10960,CUST1186,Priya Deshmukh,priya.deshmukh204@example.com,+91 9766676815,New,4939.88,INR,Debit Card,Recovered,Payment gateway error,3,2,0,571,2026-08-19 16:20:32,0.7507,1,Recovered,Smart Retry payment,4939.88,Low
TXN10961,CUST1007,Aditya Chopra,aditya.chopra877@example.com,+91 9469319644,New,117.03,INR,Netbanking,Recovered,Payment gateway error,2,1,0,709,2026-08-10 06:30:01,0.755,1,Recovered,Smart Retry payment,117.03,Low
TXN10962,CUST1140,Pari Patel,pari.patel428@example.com,+91 9583724666,New,4251.17,INR,UPI,Success,None,2,2,0,0,2026-08-23 06:51:41,1.0,1,Not Applicable,None,4251.17,Low
TXN10963,CUST1040,Sneha Kulkarni,sneha.kulkarni121@example.com,+91 9366992705,VIP,748.9,INR,Debit Card,Success,None,21,0,0,0,2026-07-30 02:58:59,1.0,1,Not Applicable,None,748.9,Low
TXN10964,CUST1078,Shaurya Mehta,shaurya.mehta317@example.com,+91 9644518647,Returning,628.38,INR,UPI,Success,None,7,3,0,0,2026-08-24 09:50:40,1.0,1,Not Applicable,None,628.38,Low
TXN10965,CUST1012,Rahul Deshmukh,rahul.deshmukh373@example.com,+91 9324956459,New,512.02,INR,UPI,Success,None,5,2,0,0,2026-08-15 12:37:37,1.0,1,Not Applicable,None,512.02,Low
TXN10966,CUST1114,Priya Verma,priya.verma448@example.com,+91 9810303128,Returning,56464.76,INR,Credit Card,Success,None,9,0,0,0,2026-08-14 02:13:42,1.0,1,Not Applicable,None,56464.76,Low
TXN10967,CUST1255,Pari Verma,pari.verma839@example.com,+91 9713811693,Returning,4804.88,INR,Debit Card,Success,None,14,2,0,0,2026-08-11 23:37:44,1.0,1,Not Applicable,None,4804.88,Low
TXN10968,CUST1119,Rahul Patel,rahul.patel471@example.com,+91 9361846370,Returning,528.13,INR,UPI,Recovered,Timeout,12,4,0,506,2026-08-02 18:45:50,0.7533,1,Recovered,Smart Retry payment,528.13,Low
TXN10969,CUST1043,Rohan Joshi,rohan.joshi105@example.com,+91 9909134796,VIP,653.84,INR,Credit Card,Success,None,16,0,0,0,2026-08-15 02:45:33,1.0,1,Not Applicable,None,653.84,Low
TXN10970,CUST1130,Ayaan Deshmukh,ayaan.deshmukh24@example.com,+91 9860229059,New,765.46,INR,Debit Card,Failed,Payment gateway error,3,0,0,580,2026-08-19 03:23:04,0.785,0,Pending Recovery,Smart Retry payment,0.0,Low
TXN10971,CUST1280,Shaurya Mehta,shaurya.mehta675@example.com,+91 9460015275,VIP,4836.94,INR,UPI,Success,None,14,0,0,0,2026-08-12 21:55:25,1.0,1,Not Applicable,None,4836.94,Low
TXN10972,CUST1042,Neha Patel,neha.patel892@example.com,+91 9690907304,Returning,11385.1,INR,UPI,Recovered,Temporary bank failure,6,0,2,121,2026-07-29 18:33:58,0.5663,1,Recovered,Send payment reminder,11385.1,Medium
TXN10973,CUST1218,Navya Menon,navya.menon822@example.com,+91 9853529912,Returning,3504.03,INR,Credit Card,Recovered,Temporary bank failure,4,4,3,697,2026-08-24 11:44:23,0.33,1,Recovered,Stop further retries,3504.03,High
TXN10974,CUST1166,Gauri Kulkarni,gauri.kulkarni724@example.com,+91 9356415500,VIP,2486.16,INR,Credit Card,Recovered,Customer abandoned checkout,28,1,1,262,2026-08-13 18:43:32,0.5153,1,Recovered,Send personalized recovery reminder,2486.16,Medium
TXN10975,CUST1108,Reyansh Sharma,reyansh.sharma254@example.com,+91 9235528741,Returning,18905.27,INR,Debit Card,Success,None,12,1,0,0,2026-08-02 10:59:56,1.0,1,Not Applicable,None,18905.27,Low
TXN10976,CUST1006,Shaurya Gupta,shaurya.gupta990@example.com,+91 9919795579,New,260.3,INR,Credit Card,Success,None,1,0,0,0,2026-07-29 17:02:30,1.0,1,Not Applicable,None,260.3,Low
TXN10977,CUST1049,Navya Patel,navya.patel80@example.com,+91 9738914080,VIP,2323.81,INR,UPI,Success,None,11,3,0,0,2026-08-02 21:56:05,1.0,1,Not Applicable,None,2323.81,Low
TXN10978,CUST1116,Diya Deshmukh,diya.deshmukh858@example.com,+91 9593641365,Returning,111.72,INR,UPI,Recovered,Payment gateway error,7,3,1,265,2026-08-25 15:29:06,0.645,1,Recovered,Send payment reminder,111.72,Medium
TXN10979,CUST1329,Ishaan Bose,ishaan.bose71@example.com,+91 9269737590,New,1309.83,INR,UPI,Success,None,4,2,0,0,2026-08-06 12:24:58,1.0,1,Not Applicable,None,1309.83,Low
TXN10980,CUST1268,Rahul Kapoor,rahul.kapoor354@example.com,+91 9922816526,New,4063.45,INR,UPI,Success,None,3,0,0,0,2026-08-15 22:12:40,1.0,1,Not Applicable,None,4063.45,Low
TXN10981,CUST1316,Priya Joshi,priya.joshi915@example.com,+91 9192573170,New,2893.15,INR,UPI,Success,None,2,1,0,0,2026-08-27 15:42:43,1.0,1,Not Applicable,None,2893.15,Low
TXN10982,CUST1076,Vivaan Malhotra,vivaan.malhotra957@example.com,+91 9965984448,New,526.92,INR,UPI,Recovered,Network error,7,4,0,314,2026-08-27 02:54:32,0.7273,1,Recovered,Smart Retry payment,526.92,Low
TXN10983,CUST1061,Rahul Gupta,rahul.gupta351@example.com,+91 9927982963,New,452.92,INR,Debit Card,Success,None,3,3,0,0,2026-08-09 07:52:23,1.0,1,Not Applicable,None,452.92,Low
TXN10984,CUST1041,Pari Bose,pari.bose197@example.com,+91 9399085574,New,17632.03,INR,Wallet,Success,None,4,1,0,0,2026-08-23 14:03:39,1.0,1,Not Applicable,None,17632.03,Low
TXN10985,CUST1287,Diya Sharma,diya.sharma256@example.com,+91 9712745501,Returning,724.59,INR,UPI,Failed,Insufficient funds,10,3,2,691,2026-08-25 11:40:49,0.05,0,Pending Recovery,Escalate to support,0.0,High
TXN10986,CUST1218,Navya Menon,navya.menon822@example.com,+91 9853529912,Returning,602.81,INR,Wallet,Success,None,5,4,0,0,2026-08-09 12:54:00,1.0,1,Not Applicable,None,602.81,Low
TXN10987,CUST1006,Shaurya Gupta,shaurya.gupta990@example.com,+91 9919795579,New,423.89,INR,UPI,Success,None,2,0,0,0,2026-08-08 15:01:05,1.0,1,Not Applicable,None,423.89,Low
TXN10988,CUST1258,Vivaan Rao,vivaan.rao459@example.com,+91 9662714327,Returning,14101.01,INR,UPI,Failed,Payment gateway error,12,4,1,590,2026-08-12 07:03:41,0.6533,0,Pending Recovery,Smart Retry payment,0.0,Medium
TXN10989,CUST1242,Meera Patel,meera.patel599@example.com,+91 9560940492,VIP,61095.61,INR,Credit Card,Success,None,27,1,0,0,2026-08-24 20:41:25,1.0,1,Not Applicable,None,61095.61,Low
TXN10990,CUST1020,Navya Chatterjee,navya.chatterjee58@example.com,+91 9217734861,New,650.63,INR,Debit Card,Success,None,1,4,0,0,2026-08-03 23:42:18,1.0,1,Not Applicable,None,650.63,Low
TXN10991,CUST1062,Krishna Nair,krishna.nair574@example.com,+91 9857704655,Returning,672.73,INR,UPI,Failed,Timeout,15,5,0,693,2026-08-15 03:13:40,0.7541,0,Pending Recovery,Smart Retry payment,0.0,Low
TXN10992,CUST1163,Krishna Malhotra,krishna.malhotra816@example.com,+91 9645179180,Returning,7538.03,INR,Wallet,Success,None,9,0,0,0,2026-08-08 21:21:45,1.0,1,Not Applicable,None,7538.03,Low
TXN10993,CUST1214,Gauri Sharma,gauri.sharma500@example.com,+91 9531233244,New,15043.95,INR,UPI,Success,None,3,2,0,0,2026-08-13 14:37:32,1.0,1,Not Applicable,None,15043.95,Low
TXN10994,CUST1228,Myra Joshi,myra.joshi961@example.com,+91 9806340901,New,646.68,INR,Credit Card,Success,None,4,2,0,0,2026-08-17 18:23:18,1.0,1,Not Applicable,None,646.68,Low
TXN10995,CUST1160,Rohan Reddy,rohan.reddy743@example.com,+91 9413383963,Returning,414.62,INR,UPI,Success,None,14,2,0,0,2026-08-19 07:29:11,1.0,1,Not Applicable,None,414.62,Low
TXN10996,CUST1060,Navya Chatterjee,navya.chatterjee939@example.com,+91 9154544899,Returning,7737.33,INR,UPI,Recovered,Temporary bank failure,3,3,1,476,2026-08-16 16:28:38,0.69,1,Recovered,Smart Retry payment,7737.33,Medium
TXN10997,CUST1127,Krishna Rao,krishna.rao207@example.com,+91 9438817025,New,711.8,INR,Netbanking,Success,None,1,2,0,0,2026-08-21 00:05:40,1.0,1,Not Applicable,None,711.8,Low
TXN10998,CUST1195,Saanvi Chopra,saanvi.chopra972@example.com,+91 9498866784,VIP,1711.84,INR,UPI,Recovered,Temporary bank failure,15,2,0,719,2026-08-04 20:34:06,0.95,1,Recovered,Smart Retry payment,1711.84,Low
TXN10999,CUST1048,Vivaan Bhat,vivaan.bhat951@example.com,+91 9670292350,Returning,3314.21,INR,UPI,Success,None,6,0,0,0,2026-08-11 23:46:28,1.0,1,Not Applicable,None,3314.21,Low
TXN11000,CUST1019,Saanvi Malhotra,saanvi.malhotra418@example.com,+91 9488690725,VIP,13777.76,INR,UPI,Success,None,19,0,0,0,2026-08-28 02:47:47,1.0,1,Not Applicable,None,13777.76,Low
TXN11001,CUST1350,Myra Chatterjee,myra.chatterjee681@example.com,+91 9940636753,Returning,1829.58,INR,Credit Card,Success,None,12,6,0,0,2026-08-23 12:32:02,1.0,1,Not Applicable,None,1829.58,Low
TXN11002,CUST1108,Reyansh Sharma,reyansh.sharma254@example.com,+91 9235528741,Returning,519.92,INR,UPI,Recovered,Timeout,13,1,0,391,2026-08-17 19:06:10,0.7762,1,Recovered,Smart Retry payment,519.92,Low
TXN11003,CUST1018,Krishna Reddy,krishna.reddy584@example.com,+91 9678722458,New,193.15,INR,UPI,Success,None,3,2,0,0,2026-08-03 02:14:46,1.0,1,Not Applicable,None,193.15,Low
TXN11004,CUST1052,Navya Kulkarni,navya.kulkarni219@example.com,+91 9819112790,VIP,421.2,INR,UPI,Success,None,33,2,0,0,2026-08-20 20:51:16,1.0,1,Not Applicable,None,421.2,Low
TXN11005,CUST1304,Priya Nair,priya.nair156@example.com,+91 9752376434,Enterprise,2739.44,INR,UPI,Success,None,33,1,0,0,2026-08-05 19:26:54,1.0,1,Not Applicable,None,2739.44,Low
TXN11006,CUST1348,Ishaan Chatterjee,ishaan.chatterjee387@example.com,+91 9455665802,VIP,135.12,INR,Netbanking,Recovered,Network error,33,0,0,596,2026-08-26 19:07:34,0.9007,1,Recovered,Smart Retry payment,135.12,Low
TXN11007,CUST1015,Pooja Kulkarni,pooja.kulkarni804@example.com,+91 9160062915,VIP,248.75,INR,UPI,Success,None,16,0,0,0,2026-08-19 07:57:46,1.0,1,Not Applicable,None,248.75,Low
TXN11008,CUST1291,Ayaan Mehta,ayaan.mehta762@example.com,+91 9912477810,Returning,1519.43,INR,UPI,Success,None,8,1,0,0,2026-08-27 07:10:44,1.0,1,Not Applicable,None,1519.43,Low
TXN11009,CUST1178,Aditya Menon,aditya.menon644@example.com,+91 9833510170,VIP,1661.2,INR,UPI,Recovered,Payment gateway error,19,1,0,97,2026-08-24 15:24:52,0.9214,1,Recovered,Smart Retry payment,1661.2,Low
TXN11010,CUST1079,Shaurya Chopra,shaurya.chopra577@example.com,+91 9236674237,Returning,4381.83,INR,UPI,Success,None,6,3,0,0,2026-08-08 16:22:29,1.0,1,Not Applicable,None,4381.83,Low
TXN11011,CUST1109,Saanvi Iyer,saanvi.iyer272@example.com,+91 9923450567,Returning,15025.88,INR,Debit Card,Success,None,7,1,0,0,2026-08-20 20:24:33,1.0,1,Not Applicable,None,15025.88,Low
TXN11012,CUST1069,Krishna Nair,krishna.nair120@example.com,+91 9510751046,Returning,393.4,INR,UPI,Success,None,5,3,0,0,2026-08-24 15:15:56,1.0,1,Not Applicable,None,393.4,Low
TXN11013,CUST1178,Aditya Menon,aditya.menon644@example.com,+91 9833510170,VIP,3960.98,INR,Credit Card,Failed,Payment gateway error,20,1,2,630,2026-08-16 20:50:16,0.562,0,Pending Recovery,Send payment reminder,0.0,Medium
TXN11014,CUST1204,Krishna Iyer,krishna.iyer981@example.com,+91 9984968439,Enterprise,14683.01,INR,UPI,Recovered,Customer abandoned checkout,23,0,0,296,2026-08-04 15:06:50,0.699,1,Recovered,Send personalized recovery reminder,14683.01,Medium
TXN11015,CUST1346,Meera Menon,meera.menon412@example.com,+91 9761962359,Returning,5522.37,INR,Wallet,Success,None,8,4,0,0,2026-08-03 10:56:36,1.0,1,Not Applicable,None,5522.37,Low
TXN11016,CUST1239,Shaurya Mehta,shaurya.mehta774@example.com,+91 9562412302,New,10193.96,INR,Debit Card,Success,None,0,0,0,0,2026-08-10 18:37:00,1.0,1,Not Applicable,None,10193.96,Low
TXN11017,CUST1066,Pooja Rao,pooja.rao372@example.com,+91 9937643439,Returning,2535.58,INR,Credit Card,Success,None,11,3,0,0,2026-08-27 01:49:09,1.0,1,Not Applicable,None,2535.58,Low
TXN11018,CUST1156,Myra Chatterjee,myra.chatterjee788@example.com,+91 9155417727,Returning,766.86,INR,UPI,Success,None,9,3,0,0,2026-08-25 14:54:20,1.0,1,Not Applicable,None,766.86,Low
TXN11019,CUST1172,Neha Kulkarni,neha.kulkarni889@example.com,+91 9672972597,VIP,19575.58,INR,UPI,Recovered,Temporary bank failure,22,2,0,609,2026-08-11 08:19:56,0.95,1,Recovered,Smart Retry payment,19575.58,Low
TXN11020,CUST1264,Ananya Kulkarni,ananya.kulkarni696@example.com,+91 9854658900,VIP,15913.7,INR,Credit Card,Recovered,Payment gateway error,32,3,2,707,2026-08-06 10:47:23,0.5588,1,Recovered,Send payment reminder,15913.7,Medium
TXN11021,CUST1218,Navya Menon,navya.menon822@example.com,+91 9853529912,Returning,365.53,INR,Debit Card,Success,None,6,4,0,0,2026-08-03 13:35:18,1.0,1,Not Applicable,None,365.53,Low
TXN11022,CUST1167,Ayaan Malhotra,ayaan.malhotra772@example.com,+91 9607854378,New,131.05,INR,UPI,Success,None,6,2,0,0,2026-08-14 04:28:37,1.0,1,Not Applicable,None,131.05,Low
TXN11023,CUST1274,Navya Kapoor,navya.kapoor175@example.com,+91 9977130288,Returning,753.11,INR,Credit Card,Success,None,8,4,0,0,2026-08-07 01:29:23,1.0,1,Not Applicable,None,753.11,Low
TXN11024,CUST1125,Ishaan Bhat,ishaan.bhat576@example.com,+91 9670073085,Returning,18552.8,INR,Netbanking,Success,None,10,4,0,0,2026-08-14 23:39:48,1.0,1,Not Applicable,None,18552.8,Low
TXN11025,CUST1020,Navya Chatterjee,navya.chatterjee58@example.com,+91 9217734861,New,978.16,INR,Credit Card,Success,None,2,4,0,0,2026-08-10 06:16:46,1.0,1,Not Applicable,None,978.16,Low
TXN11026,CUST1327,Reyansh Bhat,reyansh.bhat664@example.com,+91 9132519237,Returning,2689.7,INR,UPI,Success,None,16,4,0,0,2026-08-06 05:30:04,1.0,1,Not Applicable,None,2689.7,Low
TXN11027,CUST1222,Aditya Patel,aditya.patel108@example.com,+91 9899496315,New,71586.91,INR,Credit Card,Success,None,3,2,0,0,2026-08-16 21:04:41,1.0,1,Not Applicable,None,71586.91,Low
TXN11028,CUST1026,Myra Iyer,myra.iyer790@example.com,+91 9273461957,New,524.63,INR,Debit Card,Success,None,4,3,0,0,2026-08-21 00:35:53,1.0,1,Not Applicable,None,524.63,Low
TXN11029,CUST1344,Navya Verma,navya.verma150@example.com,+91 9866213410,New,457.8,INR,UPI,Failed,Customer abandoned checkout,4,1,0,478,2026-07-29 05:50:54,0.5421,0,Pending Recovery,Send personalized recovery reminder,0.0,Medium
TXN11030,CUST1326,Aditya Verma,aditya.verma799@example.com,+91 9719303396,VIP,298.19,INR,UPI,Failed,Insufficient funds,19,2,1,655,2026-07-31 01:52:44,0.3054,0,Pending Recovery,Escalate to support,0.0,High
TXN11031,CUST1278,Amit Deshmukh,amit.deshmukh434@example.com,+91 9157184151,VIP,935.89,INR,UPI,Recovered,Customer abandoned checkout,21,3,0,719,2026-08-08 16:44:14,0.6819,1,Recovered,Send personalized recovery reminder,935.89,Medium
TXN11032,CUST1200,Pooja Joshi,pooja.joshi770@example.com,+91 9880179899,Returning,128.04,INR,Netbanking,Success,None,11,4,0,0,2026-08-17 08:31:30,1.0,1,Not Applicable,None,128.04,Low
TXN11033,CUST1107,Ayaan Patel,ayaan.patel677@example.com,+91 9143226844,Returning,3117.84,INR,UPI,Success,None,2,1,0,0,2026-08-11 20:39:39,1.0,1,Not Applicable,None,3117.84,Low
TXN11034,CUST1300,Pari Singh,pari.singh91@example.com,+91 9452101316,Returning,415.46,INR,UPI,Success,None,16,3,0,0,2026-07-30 12:28:00,1.0,1,Not Applicable,None,415.46,Low
TXN11035,CUST1252,Ishaan Gupta,ishaan.gupta370@example.com,+91 9644748834,Returning,44393.48,INR,Credit Card,Recovered,Payment gateway error,7,5,0,301,2026-08-26 11:03:28,0.8107,1,Recovered,Smart Retry payment,44393.48,Low
TXN11036,CUST1082,Diya Bhat,diya.bhat339@example.com,+91 9599277266,Returning,4936.55,INR,Wallet,Success,None,11,3,0,0,2026-08-08 16:01:48,1.0,1,Not Applicable,None,4936.55,Low
TXN11037,CUST1143,Pooja Iyer,pooja.iyer567@example.com,+91 9341387305,Returning,425.86,INR,UPI,Success,None,13,2,0,0,2026-08-27 09:53:01,1.0,1,Not Applicable,None,425.86,Low
TXN11038,CUST1275,Arjun Gupta,arjun.gupta502@example.com,+91 9498585961,New,1900.17,INR,UPI,Success,None,7,0,0,0,2026-08-07 08:13:17,1.0,1,Not Applicable,None,1900.17,Low
TXN11039,CUST1091,Pooja Kapoor,pooja.kapoor619@example.com,+91 9440696084,Enterprise,102.0,INR,Debit Card,Success,None,23,2,0,0,2026-08-18 04:56:58,1.0,1,Not Applicable,None,102.0,Low
TXN11040,CUST1298,Shaurya Nair,shaurya.nair519@example.com,+91 9494435754,Returning,4896.02,INR,UPI,Success,None,10,2,0,0,2026-08-16 14:03:57,1.0,1,Not Applicable,None,4896.02,Low
TXN11041,CUST1042,Neha Patel,neha.patel892@example.com,+91 9690907304,Returning,3927.86,INR,Netbanking,Recovered,Temporary bank failure,7,0,0,620,2026-08-05 22:11:38,0.9283,1,Recovered,Smart Retry payment,3927.86,Low
TXN11042,CUST1335,Karan Nair,karan.nair537@example.com,+91 9601238919,Returning,559.2,INR,UPI,Success,None,11,3,0,0,2026-08-12 07:08:16,1.0,1,Not Applicable,None,559.2,Low
TXN11043,CUST1242,Meera Patel,meera.patel599@example.com,+91 9560940492,VIP,18819.86,INR,UPI,Failed,Payment gateway error,28,1,1,252,2026-08-24 21:53:38,0.7453,0,Pending Recovery,Smart Retry payment,0.0,Low
TXN11044,CUST1237,Pooja Singh,pooja.singh414@example.com,+91 9743520276,New,1444.52,INR,Credit Card,Failed,Expired card,2,1,0,38,2026-08-25 15:18:30,0.125,0,Pending Recovery,Escalate to support,0.0,High
TXN11045,CUST1209,Priya Nair,priya.nair897@example.com,+91 9127681228,New,19932.02,INR,Netbanking,Failed,Temporary bank failure,2,2,1,667,2026-08-10 15:40:04,0.63,0,Pending Recovery,Send payment reminder,0.0,Medium
TXN11046,CUST1013,Vikram Patel,vikram.patel185@example.com,+91 9673528321,Returning,843.98,INR,UPI,Success,None,8,2,0,0,2026-08-23 09:46:40,1.0,1,Not Applicable,None,843.98,Low
TXN11047,CUST1205,Pooja Iyer,pooja.iyer621@example.com,+91 9122932394,Returning,3045.73,INR,Credit Card,Success,None,7,3,0,0,2026-08-01 17:36:54,1.0,1,Not Applicable,None,3045.73,Low
TXN11048,CUST1297,Krishna Mehta,krishna.mehta457@example.com,+91 9529520110,Returning,1447.02,INR,UPI,Success,None,10,3,0,0,2026-08-08 23:08:24,1.0,1,Not Applicable,None,1447.02,Low
TXN11049,CUST1108,Reyansh Sharma,reyansh.sharma254@example.com,+91 9235528741,Returning,396.02,INR,Credit Card,Success,None,14,1,0,0,2026-08-19 21:16:12,1.0,1,Not Applicable,None,396.02,Low
TXN11050,CUST1176,Shaurya Verma,shaurya.verma393@example.com,+91 9562446417,Returning,499.2,INR,Debit Card,Success,None,7,2,0,0,2026-08-15 12:13:31,1.0,1,Not Applicable,None,499.2,Low
TXN11051,CUST1076,Vivaan Malhotra,vivaan.malhotra957@example.com,+91 9965984448,New,1103.74,INR,Netbanking,Success,None,8,4,0,0,2026-08-19 14:22:26,1.0,1,Not Applicable,None,1103.74,Low
TXN11052,CUST1291,Ayaan Mehta,ayaan.mehta762@example.com,+91 9912477810,Returning,2900.66,INR,UPI,Recovered,Payment gateway error,9,1,0,657,2026-08-20 20:17:50,0.85,1,Recovered,Smart Retry payment,2900.66,Low
TXN11053,CUST1109,Saanvi Iyer,saanvi.iyer272@example.com,+91 9923450567,Returning,1593.31,INR,UPI,Failed,Network error,8,1,2,357,2026-08-13 23:23:16,0.4577,0,Pending Recovery,Send payment reminder,0.0,Medium
TXN11054,CUST1301,Ishaan Bose,ishaan.bose446@example.com,+91 9278933456,Returning,9714.13,INR,UPI,Success,None,9,5,0,0,2026-08-12 14:27:42,1.0,1,Not Applicable,None,9714.13,Low
TXN11055,CUST1090,Pari Rao,pari.rao134@example.com,+91 9590122159,VIP,2519.11,INR,Credit Card,Recovered,Timeout,15,2,1,127,2026-08-04 19:26:53,0.6513,1,Recovered,Smart Retry payment,2519.11,Medium
TXN11056,CUST1183,Vihaan Rao,vihaan.rao377@example.com,+91 9717199615,Returning,3277.06,INR,Credit Card,Failed,Insufficient funds,8,3,1,377,2026-08-21 01:35:32,0.2188,0,Pending Recovery,Escalate to support,0.0,High
TXN11057,CUST1205,Pooja Iyer,pooja.iyer621@example.com,+91 9122932394,Returning,4807.16,INR,Credit Card,Recovered,Temporary bank failure,8,3,1,462,2026-08-27 13:04:18,0.7188,1,Recovered,Smart Retry payment,4807.16,Low
TXN11058,CUST1127,Krishna Rao,krishna.rao207@example.com,+91 9438817025,New,816.54,INR,UPI,Success,None,2,2,0,0,2026-08-23 20:03:07,1.0,1,Not Applicable,None,816.54,Low
TXN11059,CUST1091,Pooja Kapoor,pooja.kapoor619@example.com,+91 9440696084,Enterprise,647.22,INR,Credit Card,Recovered,Bank decline,24,2,1,67,2026-08-04 08:39:26,0.2089,1,Recovered,Escalate to support,647.22,High
TXN11060,CUST1125,Ishaan Bhat,ishaan.bhat576@example.com,+91 9670073085,Returning,3324.5,INR,Credit Card,Success,None,11,4,0,0,2026-08-21 15:15:09,1.0,1,Not Applicable,None,3324.5,Low
TXN11061,CUST1101,Krishna Malhotra,krishna.malhotra408@example.com,+91 9460916347,Returning,2767.15,INR,Credit Card,Recovered,Temporary bank failure,12,3,0,119,2026-08-16 03:05:05,0.9097,1,Recovered,Smart Retry payment,2767.15,Low
TXN11062,CUST1227,Vihaan Gupta,vihaan.gupta836@example.com,+91 9560755939,Returning,1779.0,INR,Debit Card,Success,None,14,5,0,0,2026-08-11 13:56:06,1.0,1,Not Applicable,None,1779.0,Low
TXN11063,CUST1308,Ananya Kulkarni,ananya.kulkarni265@example.com,+91 9221814525,Returning,667.02,INR,UPI,Success,None,3,2,0,0,2026-08-07 00:05:01,1.0,1,Not Applicable,None,667.02,Low
TXN11064,CUST1273,Atharva Bhat,atharva.bhat482@example.com,+91 9926178355,Enterprise,346.76,INR,Credit Card,Recovered,Network error,19,3,0,526,2026-08-12 00:54:58,0.88,1,Recovered,Smart Retry payment,346.76,Low
TXN11065,CUST1084,Ishaan Kapoor,ishaan.kapoor644@example.com,+91 9459905654,Returning,783.39,INR,Credit Card,Failed,Insufficient funds,4,1,0,116,2026-08-24 01:53:29,0.4021,0,Pending Recovery,Send payment reminder,0.0,Medium
TXN11066,CUST1110,Myra Menon,myra.menon745@example.com,+91 9222978730,Enterprise,373.85,INR,Debit Card,Success,None,13,1,0,0,2026-08-19 07:14:10,1.0,1,Not Applicable,None,373.85,Low
TXN11067,CUST1345,Navya Bose,navya.bose924@example.com,+91 9653520069,New,239.75,INR,Debit Card,Success,None,3,1,0,0,2026-08-24 00:33:47,1.0,1,Not Applicable,None,239.75,Low
TXN11068,CUST1265,Aditya Malhotra,aditya.malhotra28@example.com,+91 9489336282,Returning,62476.89,INR,Debit Card,Success,None,8,1,0,0,2026-08-06 20:33:14,1.0,1,Not Applicable,None,62476.89,Low
TXN11069,CUST1156,Myra Chatterjee,myra.chatterjee788@example.com,+91 9155417727,Returning,374.61,INR,Debit Card,Success,None,10,3,0,0,2026-08-07 15:21:59,1.0,1,Not Applicable,None,374.61,Low
TXN11070,CUST1214,Gauri Sharma,gauri.sharma500@example.com,+91 9531233244,New,944.99,INR,UPI,Success,None,4,2,0,0,2026-08-17 09:19:01,1.0,1,Not Applicable,None,944.99,Low
TXN11071,CUST1141,Anika Singh,anika.singh305@example.com,+91 9859088046,New,732.91,INR,UPI,Success,None,1,3,0,0,2026-08-07 01:50:19,1.0,1,Not Applicable,None,732.91,Low
TXN11072,CUST1196,Ayaan Chatterjee,ayaan.chatterjee915@example.com,+91 9702806585,New,602.98,INR,UPI,Failed,Payment gateway error,6,2,0,496,2026-08-13 18:36:00,0.77,0,Pending Recovery,Smart Retry payment,0.0,Low
TXN11073,CUST1304,Priya Nair,priya.nair156@example.com,+91 9752376434,Enterprise,4883.56,INR,UPI,Success,None,34,1,0,0,2026-08-19 09:16:42,1.0,1,Not Applicable,None,4883.56,Low
TXN11074,CUST1144,Meera Gupta,meera.gupta83@example.com,+91 9164035859,VIP,58097.43,INR,UPI,Recovered,Payment gateway error,15,2,0,80,2026-08-08 16:13:08,0.9113,1,Recovered,Smart Retry payment,58097.43,Low
TXN11075,CUST1212,Karan Deshmukh,karan.deshmukh121@example.com,+91 9585337126,Returning,18108.39,INR,Credit Card,Success,None,16,1,0,0,2026-08-15 03:36:11,1.0,1,Not Applicable,None,18108.39,Low
TXN11076,CUST1280,Shaurya Mehta,shaurya.mehta675@example.com,+91 9460015275,VIP,2042.62,INR,Credit Card,Failed,Customer abandoned checkout,15,0,1,326,2026-07-30 06:14:13,0.5162,0,Pending Recovery,Send personalized recovery reminder,0.0,Medium
TXN11077,CUST1185,Sneha Chatterjee,sneha.chatterjee934@example.com,+91 9407298630,VIP,11687.16,INR,Netbanking,Failed,Customer abandoned checkout,21,2,1,266,2026-08-12 08:47:58,0.507,0,Pending Recovery,Send personalized recovery reminder,0.0,Medium
TXN11078,CUST1012,Rahul Deshmukh,rahul.deshmukh373@example.com,+91 9324956459,New,677.02,INR,UPI,Success,None,6,2,0,0,2026-08-22 14:29:46,1.0,1,Not Applicable,None,677.02,Low
TXN11079,CUST1263,Ishaan Chopra,ishaan.chopra735@example.com,+91 9190966348,New,608.14,INR,Wallet,Success,None,4,2,0,0,2026-08-24 09:20:57,1.0,1,Not Applicable,None,608.14,Low
TXN11080,CUST1145,Myra Bhat,myra.bhat459@example.com,+91 9233523720,VIP,3536.86,INR,Debit Card,Success,None,25,2,0,0,2026-08-27 20:35:55,1.0,1,Not Applicable,None,3536.86,Low
TXN11081,CUST1263,Ishaan Chopra,ishaan.chopra735@example.com,+91 9190966348,New,6315.87,INR,Netbanking,Success,None,5,2,0,0,2026-08-28 09:39:01,1.0,1,Not Applicable,None,6315.87,Low
TXN11082,CUST1221,Shaurya Gupta,shaurya.gupta166@example.com,+91 9837468465,Returning,11985.26,INR,Netbanking,Success,None,11,0,0,0,2026-08-02 18:02:41,1.0,1,Not Applicable,None,11985.26,Low
TXN11083,CUST1295,Meera Singh,meera.singh844@example.com,+91 9683074770,Returning,573.94,INR,Credit Card,Success,None,12,2,0,0,2026-08-10 21:03:49,1.0,1,Not Applicable,None,573.94,Low
TXN11084,CUST1004,Aarav Joshi,aarav.joshi675@example.com,+91 9853041955,New,2559.4,INR,UPI,Failed,Customer abandoned checkout,5,2,1,674,2026-08-03 05:17:15,0.355,0,Pending Recovery,Escalate to support,0.0,High
TXN11085,CUST1295,Meera Singh,meera.singh844@example.com,+91 9683074770,Returning,18397.76,INR,Debit Card,Success,None,13,2,0,0,2026-08-03 16:21:45,1.0,1,Not Applicable,None,18397.76,Low
TXN11086,CUST1052,Navya Kulkarni,navya.kulkarni219@example.com,+91 9819112790,VIP,640.73,INR,Debit Card,Success,None,34,2,0,0,2026-08-14 23:48:45,1.0,1,Not Applicable,None,640.73,Low
TXN11087,CUST1162,Ananya Iyer,ananya.iyer530@example.com,+91 9901325519,VIP,14871.85,INR,UPI,Recovered,Customer abandoned checkout,14,0,0,455,2026-08-27 20:27:51,0.6956,1,Recovered,Send personalized recovery reminder,14871.85,Medium
TXN11088,CUST1193,Neha Joshi,neha.joshi819@example.com,+91 9523671208,Returning,879.78,INR,Netbanking,Recovered,Customer abandoned checkout,2,2,1,132,2026-07-30 18:23:41,0.39,1,Recovered,Escalate to support,879.78,High
TXN11089,CUST1090,Pari Rao,pari.rao134@example.com,+91 9590122159,VIP,3312.64,INR,Credit Card,Recovered,Payment gateway error,16,2,3,430,2026-08-05 01:58:55,0.3725,1,Recovered,Stop further retries,3312.64,High
TXN11090,CUST1047,Reyansh Verma,reyansh.verma565@example.com,+91 9165452690,Returning,2439.07,INR,UPI,Recovered,Network error,8,0,2,368,2026-08-11 14:38:31,0.47,1,Recovered,Send payment reminder,2439.07,Medium
TXN11091,CUST1159,Aarav Joshi,aarav.joshi240@example.com,+91 9221827951,Returning,11511.8,INR,Debit Card,Recovered,Network error,14,0,0,286,2026-08-27 23:02:33,0.8356,1,Recovered,Smart Retry payment,11511.8,Low
TXN11092,CUST1166,Gauri Kulkarni,gauri.kulkarni724@example.com,+91 9356415500,VIP,861.67,INR,UPI,Failed,Temporary bank failure,29,1,1,219,2026-08-13 13:46:24,0.8156,0,Pending Recovery,Smart Retry payment,0.0,Low
TXN11093,CUST1339,Amit Gupta,amit.gupta792@example.com,+91 9532990767,Returning,654.8,INR,Debit Card,Success,None,10,0,0,0,2026-08-03 14:29:39,1.0,1,Not Applicable,None,654.8,Low
TXN11094,CUST1343,Pari Deshmukh,pari.deshmukh213@example.com,+91 9746889670,Returning,890.17,INR,UPI,Recovered,Bank decline,13,4,0,333,2026-08-13 02:34:22,0.3055,1,Recovered,Escalate to support,890.17,High
TXN11095,CUST1014,Gauri Chopra,gauri.chopra957@example.com,+91 9787194506,Returning,898.94,INR,UPI,Success,None,13,1,0,0,2026-08-25 07:53:39,1.0,1,Not Applicable,None,898.94,Low
TXN11096,CUST1307,Atharva Bose,atharva.bose597@example.com,+91 9247848992,Returning,1678.79,INR,UPI,Failed,Expired card,10,2,0,430,2026-08-04 22:44:41,0.2129,0,Pending Recovery,Escalate to support,0.0,High
TXN11097,CUST1275,Arjun Gupta,arjun.gupta502@example.com,+91 9498585961,New,870.22,INR,Debit Card,Failed,Payment gateway error,8,0,1,633,2026-08-13 00:30:57,0.62,0,Pending Recovery,Send payment reminder,0.0,Medium
TXN11098,CUST1050,Neha Rao,neha.rao974@example.com,+91 9711684318,Returning,3994.13,INR,Netbanking,Recovered,Payment gateway error,9,5,0,102,2026-08-04 14:29:40,0.8188,1,Recovered,Smart Retry payment,3994.13,Low
TXN11099,CUST1145,Myra Bhat,myra.bhat459@example.com,+91 9233523720,VIP,6578.32,INR,UPI,Failed,Customer abandoned checkout,26,2,1,596,2026-08-17 23:56:26,0.51,0,Pending Recovery,Send personalized recovery reminder,0.0,Medium
TXN11100,CUST1137,Karan Kapoor,karan.kapoor940@example.com,+91 9575368059,Returning,1526.7,INR,UPI,Success,None,6,4,0,0,2026-08-16 03:21:14,1.0,1,Not Applicable,None,1526.7,Low
TXN11101,CUST1198,Vihaan Reddy,vihaan.reddy48@example.com,+91 9426808977,New,4175.99,INR,Wallet,Recovered,Network error,1,0,0,497,2026-08-17 17:03:36,0.735,1,Recovered,Smart Retry payment,4175.99,Low
TXN11102,CUST1177,Navya Malhotra,navya.malhotra821@example.com,+91 9293334613,Returning,881.57,INR,Wallet,Success,None,6,1,0,0,2026-08-28 02:06:12,1.0,1,Not Applicable,None,881.57,Low
TXN11103,CUST1226,Arjun Chatterjee,arjun.chatterjee120@example.com,+91 9475932035,New,350.37,INR,Debit Card,Success,None,4,1,0,0,2026-08-08 20:16:51,1.0,1,Not Applicable,None,350.37,Low
TXN11104,CUST1250,Gauri Bhat,gauri.bhat469@example.com,+91 9831361497,Returning,2824.81,INR,UPI,Success,None,15,4,0,0,2026-08-21 01:02:50,1.0,1,Not Applicable,None,2824.81,Low
TXN11105,CUST1219,Sneha Iyer,sneha.iyer919@example.com,+91 9345343109,Returning,4858.05,INR,UPI,Recovered,Payment gateway error,10,4,2,319,2026-08-11 17:07:41,0.4681,1,Recovered,Send payment reminder,4858.05,Medium
TXN11106,CUST1284,Vihaan Singh,vihaan.singh134@example.com,+91 9151270577,New,25392.87,INR,Netbanking,Success,None,2,2,0,0,2026-08-10 17:33:03,1.0,1,Not Applicable,None,25392.87,Low
TXN11107,CUST1100,Pari Joshi,pari.joshi929@example.com,+91 9336801619,Returning,711.52,INR,Debit Card,Failed,Timeout,11,2,1,53,2026-08-20 17:38:33,0.585,0,Pending Recovery,Send payment reminder,0.0,Medium
TXN11108,CUST1186,Priya Deshmukh,priya.deshmukh204@example.com,+91 9766676815,New,3774.09,INR,Wallet,Failed,Insufficient funds,4,2,0,160,2026-08-03 07:15:06,0.3287,0,Pending Recovery,Escalate to support,0.0,High
TXN11109,CUST1313,Vikram Patel,vikram.patel307@example.com,+91 9422076028,Returning,280.98,INR,UPI,Success,None,8,1,0,0,2026-08-10 06:47:05,1.0,1,Not Applicable,None,280.98,Low
TXN11110,CUST1216,Myra Reddy,myra.reddy291@example.com,+91 9770355806,New,12019.59,INR,UPI,Success,None,3,3,0,0,2026-07-29 03:15:36,1.0,1,Not Applicable,None,12019.59,Low
TXN11111,CUST1160,Rohan Reddy,rohan.reddy743@example.com,+91 9413383963,Returning,759.11,INR,Credit Card,Failed,Temporary bank failure,15,2,3,253,2026-08-20 16:06:01,0.3813,0,Pending Recovery,Stop further retries,0.0,High
TXN11112,CUST1082,Diya Bhat,diya.bhat339@example.com,+91 9599277266,Returning,2563.61,INR,UPI,Success,None,12,3,0,0,2026-07-31 21:53:24,1.0,1,Not Applicable,None,2563.61,Low
TXN11113,CUST1206,Ayaan Reddy,ayaan.reddy220@example.com,+91 9173669588,Returning,764.69,INR,Netbanking,Recovered,Temporary bank failure,12,3,0,323,2026-08-11 20:07:21,0.9097,1,Recovered,Smart Retry payment,764.69,Low
TXN11114,CUST1322,Navya Singh,navya.singh266@example.com,+91 9310777576,VIP,1928.49,INR,UPI,Success,None,31,2,0,0,2026-08-14 16:34:02,1.0,1,Not Applicable,None,1928.49,Low
TXN11115,CUST1175,Karan Mehta,karan.mehta720@example.com,+91 9421549249,Returning,19241.37,INR,UPI,Success,None,3,0,0,0,2026-08-06 03:26:30,1.0,1,Not Applicable,None,19241.37,Low
TXN11116,CUST1087,Amit Bhat,amit.bhat723@example.com,+91 9512293741,New,15370.86,INR,Debit Card,Success,None,2,2,0,0,2026-08-04 17:45:56,1.0,1,Not Applicable,None,15370.86,Low
TXN11117,CUST1309,Anika Kapoor,anika.kapoor585@example.com,+91 9226444910,Returning,76230.53,INR,UPI,Success,None,8,3,0,0,2026-08-13 09:18:12,1.0,1,Not Applicable,None,76230.53,Low
TXN11118,CUST1030,Pooja Chatterjee,pooja.chatterjee179@example.com,+91 9384602384,VIP,4459.8,INR,UPI,Success,None,26,2,0,0,2026-08-06 09:35:22,1.0,1,Not Applicable,None,4459.8,Low
TXN11119,CUST1215,Vihaan Chatterjee,vihaan.chatterjee464@example.com,+91 9178910051,Returning,2004.75,INR,UPI,Recovered,Payment gateway error,3,2,0,277,2026-08-19 17:51:03,0.8107,1,Recovered,Smart Retry payment,2004.75,Low
TXN11120,CUST1250,Gauri Bhat,gauri.bhat469@example.com,+91 9831361497,Returning,4348.81,INR,UPI,Success,None,16,4,0,0,2026-08-26 00:14:40,1.0,1,Not Applicable,None,4348.81,Low
TXN11121,CUST1303,Krishna Verma,krishna.verma662@example.com,+91 9536164913,New,14639.52,INR,UPI,Failed,Customer abandoned checkout,2,2,1,408,2026-08-27 02:46:56,0.33,0,Pending Recovery,Escalate to support,0.0,High
TXN11122,CUST1021,Sai Malhotra,sai.malhotra404@example.com,+91 9509760584,Returning,808.32,INR,Netbanking,Success,None,12,4,0,0,2026-08-14 11:29:37,1.0,1,Not Applicable,None,808.32,Low
TXN11123,CUST1322,Navya Singh,navya.singh266@example.com,+91 9310777576,VIP,2726.76,INR,Netbanking,Recovered,Payment gateway error,32,2,0,34,2026-08-03 21:38:06,0.9225,1,Recovered,Smart Retry payment,2726.76,Low
TXN11124,CUST1130,Ayaan Deshmukh,ayaan.deshmukh24@example.com,+91 9860229059,New,713.71,INR,UPI,Success,None,3,1,0,0,2026-08-06 22:11:54,1.0,1,Not Applicable,None,713.71,Low
TXN11125,CUST1326,Aditya Verma,aditya.verma799@example.com,+91 9719303396,VIP,813.28,INR,UPI,Success,None,19,3,0,0,2026-08-14 14:30:59,1.0,1,Not Applicable,None,813.28,Low
TXN11126,CUST1179,Meera Bhat,meera.bhat482@example.com,+91 9784944881,New,1688.06,INR,Credit Card,Recovered,Expired card,6,1,0,318,2026-08-08 23:08:56,0.1517,1,Recovered,Escalate to support,1688.06,High
TXN11127,CUST1047,Reyansh Verma,reyansh.verma565@example.com,+91 9165452690,Returning,2251.38,INR,Credit Card,Failed,Payment gateway error,9,0,2,375,2026-08-09 15:00:11,0.5014,0,Pending Recovery,Send payment reminder,0.0,Medium
TXN11128,CUST1087,Amit Bhat,amit.bhat723@example.com,+91 9512293741,New,199.33,INR,Credit Card,Success,None,3,2,0,0,2026-08-19 10:28:41,1.0,1,Not Applicable,None,199.33,Low
TXN11129,CUST1276,Vikram Kapoor,vikram.kapoor301@example.com,+91 9190060226,VIP,655.62,INR,UPI,Failed,Insufficient funds,21,1,0,353,2026-08-20 02:46:04,0.4925,0,Pending Recovery,Send payment reminder,0.0,Medium
TXN11130,CUST1204,Krishna Iyer,krishna.iyer981@example.com,+91 9984968439,Enterprise,445.72,INR,Debit Card,Success,None,24,0,0,0,2026-08-24 22:42:04,1.0,1,Not Applicable,None,445.72,Low
TXN11131,CUST1043,Rohan Joshi,rohan.joshi105@example.com,+91 9909134796,VIP,301.34,INR,Debit Card,Recovered,Payment gateway error,17,0,1,229,2026-08-03 11:08:40,0.7471,1,Recovered,Smart Retry payment,301.34,Low
TXN11132,CUST1116,Diya Deshmukh,diya.deshmukh858@example.com,+91 9593641365,Returning,829.37,INR,UPI,Recovered,Network error,8,3,1,586,2026-08-27 15:22:55,0.6188,1,Recovered,Send payment reminder,829.37,Medium
TXN11133,CUST1096,Arjun Reddy,arjun.reddy720@example.com,+91 9264073400,New,13712.85,INR,Credit Card,Success,None,4,1,0,0,2026-08-27 23:31:26,1.0,1,Not Applicable,None,13712.85,Low
TXN11134,CUST1187,Karan Reddy,karan.reddy935@example.com,+91 9773728014,Returning,8953.1,INR,UPI,Success,None,15,0,0,0,2026-08-26 06:58:37,1.0,1,Not Applicable,None,8953.1,Low
TXN11135,CUST1069,Krishna Nair,krishna.nair120@example.com,+91 9510751046,Returning,843.7,INR,Debit Card,Success,None,6,3,0,0,2026-08-15 08:39:11,1.0,1,Not Applicable,None,843.7,Low
TXN11136,CUST1260,Pooja Menon,pooja.menon656@example.com,+91 9795038832,New,3140.9,INR,UPI,Success,None,3,0,0,0,2026-08-05 01:24:52,1.0,1,Not Applicable,None,3140.9,Low
TXN11137,CUST1284,Vihaan Singh,vihaan.singh134@example.com,+91 9151270577,New,8359.23,INR,UPI,Success,None,3,2,0,0,2026-08-12 02:42:09,1.0,1,Not Applicable,None,8359.23,Low
TXN11138,CUST1034,Aarav Bhat,aarav.bhat612@example.com,+91 9336456621,Returning,31137.18,INR,Credit Card,Success,None,2,1,0,0,2026-07-30 22:57:34,1.0,1,Not Applicable,None,31137.18,Low
TXN11139,CUST1076,Vivaan Malhotra,vivaan.malhotra957@example.com,+91 9965984448,New,417.97,INR,Wallet,Failed,Timeout,9,4,0,141,2026-08-06 06:46:28,0.685,0,Pending Recovery,Smart Retry payment,0.0,Medium
TXN11140,CUST1111,Vihaan Bhat,vihaan.bhat329@example.com,+91 9718257024,New,2238.99,INR,Credit Card,Failed,Network error,5,3,1,702,2026-08-05 14:59:16,0.545,0,Pending Recovery,Send payment reminder,0.0,Medium
TXN11141,CUST1004,Aarav Joshi,aarav.joshi675@example.com,+91 9853041955,New,23443.11,INR,Debit Card,Success,None,5,3,0,0,2026-08-21 04:06:05,1.0,1,Not Applicable,None,23443.11,Low
TXN11142,CUST1212,Karan Deshmukh,karan.deshmukh121@example.com,+91 9585337126,Returning,3929.49,INR,UPI,Success,None,17,1,0,0,2026-08-20 19:19:57,1.0,1,Not Applicable,None,3929.49,Low
TXN11143,CUST1333,Ayaan Reddy,ayaan.reddy307@example.com,+91 9512477736,New,15929.28,INR,UPI,Recovered,Insufficient funds,11,1,0,490,2026-08-10 16:02:01,0.3636,1,Recovered,Escalate to support,15929.28,High
TXN11144,CUST1176,Shaurya Verma,shaurya.verma393@example.com,+91 9562446417,Returning,379.08,INR,UPI,Success,None,8,2,0,0,2026-08-05 12:28:18,1.0,1,Not Applicable,None,379.08,Low
TXN11145,CUST1103,Aarav Chopra,aarav.chopra688@example.com,+91 9129100607,Returning,986.07,INR,Credit Card,Failed,Timeout,6,3,3,65,2026-08-20 22:03:16,0.2005,0,Pending Recovery,Stop further retries,0.0,High
TXN11146,CUST1049,Navya Patel,navya.patel80@example.com,+91 9738914080,VIP,966.24,INR,Credit Card,Recovered,Timeout,12,3,2,181,2026-08-09 11:13:37,0.4597,1,Recovered,Send payment reminder,966.24,Medium
TXN11147,CUST1318,Arjun Kulkarni,arjun.kulkarni470@example.com,+91 9600184588,Returning,3140.32,INR,Wallet,Recovered,Temporary bank failure,15,4,0,186,2026-08-18 12:29:39,0.9093,1,Recovered,Smart Retry payment,3140.32,Low
TXN11148,CUST1228,Myra Joshi,myra.joshi961@example.com,+91 9806340901,New,133.9,INR,Credit Card,Success,None,5,2,0,0,2026-08-26 20:51:27,1.0,1,Not Applicable,None,133.9,Low
TXN11149,CUST1150,Navya Bose,navya.bose195@example.com,+91 9728492896,VIP,713.73,INR,Credit Card,Failed,Timeout,22,3,0,470,2026-08-01 01:04:24,0.8328,0,Pending Recovery,Smart Retry payment,0.0,Low
TXN11150,CUST1281,Vivaan Singh,vivaan.singh493@example.com,+91 9847401602,VIP,16760.16,INR,Netbanking,Success,None,13,2,0,0,2026-07-31 01:36:52,1.0,1,Not Applicable,None,16760.16,Low
TXN11151,CUST1252,Ishaan Gupta,ishaan.gupta370@example.com,+91 9644748834,Returning,462.86,INR,UPI,Success,None,8,5,0,0,2026-08-26 07:26:01,1.0,1,Not Applicable,None,462.86,Low
TXN11152,CUST1303,Krishna Verma,krishna.verma662@example.com,+91 9536164913,New,566.86,INR,Credit Card,Recovered,Network error,2,3,1,210,2026-08-14 06:06:41,0.5193,1,Recovered,Send payment reminder,566.86,Medium
TXN11153,CUST1070,Ayaan Iyer,ayaan.iyer481@example.com,+91 9475442872,VIP,277.24,INR,Netbanking,Success,None,21,0,0,0,2026-08-10 23:53:48,1.0,1,Not Applicable,None,277.24,Low
TXN11154,CUST1054,Shaurya Patel,shaurya.patel646@example.com,+91 9704509817,New,534.69,INR,UPI,Success,None,1,1,0,0,2026-08-21 18:08:08,1.0,1,Not Applicable,None,534.69,Low
TXN11155,CUST1029,Sneha Chatterjee,sneha.chatterjee788@example.com,+91 9671988889,VIP,1166.49,INR,Netbanking,Recovered,Timeout,14,1,1,552,2026-08-16 08:53:48,0.6574,1,Recovered,Smart Retry payment,1166.49,Medium
TXN11156,CUST1156,Myra Chatterjee,myra.chatterjee788@example.com,+91 9155417727,Returning,415.59,INR,Credit Card,Success,None,11,3,0,0,2026-08-18 19:45:18,1.0,1,Not Applicable,None,415.59,Low
TXN11157,CUST1092,Rahul Kapoor,rahul.kapoor938@example.com,+91 9688273030,Returning,3723.85,INR,UPI,Recovered,Payment gateway error,10,1,1,512,2026-08-11 18:22:33,0.6719,1,Recovered,Smart Retry payment,3723.85,Medium
TXN11158,CUST1328,Ishaan Singh,ishaan.singh834@example.com,+91 9966884723,Returning,1180.89,INR,UPI,Success,None,12,3,0,0,2026-08-01 16:00:22,1.0,1,Not Applicable,None,1180.89,Low
TXN11159,CUST1338,Amit Chatterjee,amit.chatterjee18@example.com,+91 9215424112,Returning,17468.73,INR,Wallet,Success,None,12,1,0,0,2026-08-23 01:11:07,1.0,1,Not Applicable,None,17468.73,Low
TXN11160,CUST1023,Vihaan Joshi,vihaan.joshi797@example.com,+91 9788227492,Returning,637.88,INR,Credit Card,Failed,Bank decline,9,0,0,674,2026-08-26 04:59:38,0.3314,0,Pending Recovery,Escalate to support,0.0,High
TXN11161,CUST1140,Pari Patel,pari.patel428@example.com,+91 9583724666,New,108.2,INR,Debit Card,Recovered,Payment gateway error,3,2,0,714,2026-08-23 08:29:59,0.7507,1,Recovered,Smart Retry payment,108.2,Low
TXN11162,CUST1230,Aarav Nair,aarav.nair589@example.com,+91 9805818425,VIP,719.55,INR,UPI,Failed,Timeout,21,0,0,267,2026-08-03 09:21:59,0.8485,0,Pending Recovery,Smart Retry payment,0.0,Low
TXN11163,CUST1204,Krishna Iyer,krishna.iyer981@example.com,+91 9984968439,Enterprise,356.8,INR,Netbanking,Recovered,Payment gateway error,25,0,0,514,2026-08-21 02:32:40,0.9294,1,Recovered,Smart Retry payment,356.8,Low
TXN11164,CUST1266,Reyansh Kulkarni,reyansh.kulkarni507@example.com,+91 9306164050,VIP,50482.2,INR,UPI,Recovered,Insufficient funds,16,1,0,635,2026-08-23 01:29:58,0.3892,1,Recovered,Escalate to support,50482.2,High
TXN11165,CUST1074,Vivaan Mehta,vivaan.mehta363@example.com,+91 9882269302,Returning,791.21,INR,Credit Card,Success,None,11,3,0,0,2026-08-27 20:42:48,1.0,1,Not Applicable,None,791.21,Low
TXN11166,CUST1023,Vihaan Joshi,vihaan.joshi797@example.com,+91 9788227492,Returning,4793.41,INR,UPI,Success,None,9,1,0,0,2026-08-25 20:39:11,1.0,1,Not Applicable,None,4793.41,Low
TXN11167,CUST1330,Anika Bose,anika.bose631@example.com,+91 9254263081,New,441.03,INR,Netbanking,Success,None,3,2,0,0,2026-08-05 05:36:15,1.0,1,Not Applicable,None,441.03,Low
TXN11168,CUST1225,Ishaan Menon,ishaan.menon116@example.com,+91 9720535283,Returning,495.48,INR,Debit Card,Success,None,13,1,0,0,2026-08-06 16:08:33,1.0,1,Not Applicable,None,495.48,Low
TXN11169,CUST1163,Krishna Malhotra,krishna.malhotra816@example.com,+91 9645179180,Returning,715.29,INR,UPI,Success,None,10,0,0,0,2026-08-16 14:53:09,1.0,1,Not Applicable,None,715.29,Low
TXN11170,CUST1190,Priya Joshi,priya.joshi384@example.com,+91 9669998399,VIP,910.37,INR,Credit Card,Recovered,Timeout,26,1,2,648,2026-07-29 00:51:58,0.4847,1,Recovered,Send payment reminder,910.37,Medium
TXN11171,CUST1280,Shaurya Mehta,shaurya.mehta675@example.com,+91 9460015275,VIP,682.98,INR,Netbanking,Success,None,15,1,0,0,2026-08-17 12:01:48,1.0,1,Not Applicable,None,682.98,Low
TXN11172,CUST1231,Arjun Sharma,arjun.sharma553@example.com,+91 9330997172,New,8564.8,INR,Credit Card,Recovered,Insufficient funds,2,1,0,373,2026-08-27 21:29:17,0.325,1,Recovered,Escalate to support,8564.8,High
TXN11173,CUST1147,Aditya Menon,aditya.menon452@example.com,+91 9888699799,New,1697.24,INR,Wallet,Success,None,2,2,0,0,2026-08-24 16:09:35,1.0,1,Not Applicable,None,1697.24,Low
TXN11174,CUST1154,Shaurya Gupta,shaurya.gupta801@example.com,+91 9533979662,Returning,512.94,INR,Debit Card,Success,None,13,1,0,0,2026-08-05 02:11:08,1.0,1,Not Applicable,None,512.94,Low
TXN11175,CUST1181,Sai Patel,sai.patel363@example.com,+91 9730900313,Returning,464.21,INR,Netbanking,Success,None,8,4,0,0,2026-08-12 08:42:12,1.0,1,Not Applicable,None,464.21,Low
TXN11176,CUST1173,Rohan Chatterjee,rohan.chatterjee46@example.com,+91 9762992051,VIP,457.99,INR,Debit Card,Failed,Insufficient funds,13,2,1,638,2026-08-04 13:28:22,0.2985,0,Pending Recovery,Escalate to support,0.0,High
TXN11177,CUST1238,Reyansh Singh,reyansh.singh795@example.com,+91 9247354744,VIP,4055.14,INR,UPI,Success,None,16,2,0,0,2026-08-04 09:45:57,1.0,1,Not Applicable,None,4055.14,Low
TXN11178,CUST1334,Ayaan Nair,ayaan.nair966@example.com,+91 9720286733,VIP,4617.8,INR,Wallet,Success,None,19,0,0,0,2026-08-10 10:19:18,1.0,1,Not Applicable,None,4617.8,Low
TXN11179,CUST1081,Ishaan Chopra,ishaan.chopra10@example.com,+91 9426283245,Returning,4747.55,INR,UPI,Success,None,10,2,0,0,2026-07-29 19:08:47,1.0,1,Not Applicable,None,4747.55,Low
TXN11180,CUST1089,Ayaan Nair,ayaan.nair722@example.com,+91 9656152900,VIP,770.37,INR,Credit Card,Recovered,Network error,22,0,0,138,2026-08-10 16:12:24,0.8987,1,Recovered,Smart Retry payment,770.37,Low
TXN11181,CUST1250,Gauri Bhat,gauri.bhat469@example.com,+91 9831361497,Returning,938.72,INR,Credit Card,Success,None,17,4,0,0,2026-08-24 19:39:52,1.0,1,Not Applicable,None,938.72,Low
TXN11182,CUST1044,Diya Chatterjee,diya.chatterjee895@example.com,+91 9530613729,Returning,927.15,INR,Netbanking,Failed,Customer abandoned checkout,6,2,3,319,2026-08-01 11:13:01,0.06,0,Pending Recovery,Stop further retries,0.0,High
TXN11183,CUST1186,Priya Deshmukh,priya.deshmukh204@example.com,+91 9766676815,New,2261.68,INR,Netbanking,Success,None,4,3,0,0,2026-08-08 04:48:49,1.0,1,Not Applicable,None,2261.68,Low
TXN11184,CUST1288,Pooja Patel,pooja.patel379@example.com,+91 9172670118,Returning,891.51,INR,UPI,Failed,Timeout,14,4,1,292,2026-08-25 14:01:12,0.5775,0,Pending Recovery,Send payment reminder,0.0,Medium
TXN11185,CUST1128,Pari Nair,pari.nair766@example.com,+91 9619904272,New,63151.49,INR,UPI,Success,None,3,2,0,0,2026-08-20 16:15:24,1.0,1,Not Applicable,None,63151.49,Low
TXN11186,CUST1195,Saanvi Chopra,saanvi.chopra972@example.com,+91 9498866784,VIP,4067.79,INR,Credit Card,Success,None,16,2,0,0,2026-08-09 04:17:56,1.0,1,Not Applicable,None,4067.79,Low
TXN11187,CUST1230,Aarav Nair,aarav.nair589@example.com,+91 9805818425,VIP,19553.48,INR,Netbanking,Success,None,21,1,0,0,2026-08-25 09:54:17,1.0,1,Not Applicable,None,19553.48,Low
TXN11188,CUST1036,Navya Rao,navya.rao507@example.com,+91 9330035022,Returning,660.63,INR,Credit Card,Success,None,10,2,0,0,2026-08-02 03:01:41,1.0,1,Not Applicable,None,660.63,Low
TXN11189,CUST1101,Krishna Malhotra,krishna.malhotra408@example.com,+91 9460916347,Returning,40845.41,INR,Debit Card,Success,None,13,3,0,0,2026-07-31 23:08:29,1.0,1,Not Applicable,None,40845.41,Low
TXN11190,CUST1009,Pari Singh,pari.singh643@example.com,+91 9488302652,VIP,3360.7,INR,Wallet,Failed,Bank decline,26,0,0,331,2026-08-05 23:24:29,0.3996,0,Pending Recovery,Escalate to support,0.0,High
TXN11191,CUST1027,Meera Sharma,meera.sharma510@example.com,+91 9120912992,Returning,3801.36,INR,UPI,Success,None,7,2,0,0,2026-08-08 06:56:42,1.0,1,Not Applicable,None,3801.36,Low
TXN11192,CUST1337,Reyansh Bhat,reyansh.bhat61@example.com,+91 9402104065,Returning,1320.9,INR,Credit Card,Recovered,Temporary bank failure,13,5,0,486,2026-08-27 20:05:45,0.9,1,Recovered,Smart Retry payment,1320.9,Low
TXN11193,CUST1019,Saanvi Malhotra,saanvi.malhotra418@example.com,+91 9488690725,VIP,2080.86,INR,UPI,Failed,Customer abandoned checkout,20,0,0,359,2026-08-14 05:00:38,0.6982,0,Pending Recovery,Send personalized recovery reminder,0.0,Medium
TXN11194,CUST1283,Reyansh Reddy,reyansh.reddy754@example.com,+91 9753780028,Returning,352.48,INR,UPI,Success,None,13,3,0,0,2026-08-18 19:48:15,1.0,1,Not Applicable,None,352.48,Low
TXN11195,CUST1261,Shaurya Mehta,shaurya.mehta405@example.com,+91 9405100495,Returning,5345.09,INR,UPI,Success,None,6,6,0,0,2026-08-05 07:44:52,1.0,1,Not Applicable,None,5345.09,Low
TXN11196,CUST1293,Vikram Chatterjee,vikram.chatterjee840@example.com,+91 9244796859,Returning,16682.37,INR,Netbanking,Failed,Timeout,6,3,0,646,2026-07-30 01:46:36,0.7405,0,Pending Recovery,Smart Retry payment,0.0,Low
TXN11197,CUST1236,Diya Mehta,diya.mehta704@example.com,+91 9736873048,Returning,2323.27,INR,Credit Card,Success,None,15,5,0,0,2026-07-30 17:12:41,1.0,1,Not Applicable,None,2323.27,Low
TXN11198,CUST1042,Neha Patel,neha.patel892@example.com,+91 9690907304,Returning,745.43,INR,UPI,Success,None,8,0,0,0,2026-08-18 15:51:04,1.0,1,Not Applicable,None,745.43,Low
TXN11199,CUST1199,Vihaan Rao,vihaan.rao148@example.com,+91 9517305280,VIP,575.4,INR,Credit Card,Recovered,Payment gateway error,23,2,1,67,2026-08-28 02:05:46,0.7383,1,Recovered,Smart Retry payment,575.4,Low
TXN11200,CUST1260,Pooja Menon,pooja.menon656@example.com,+91 9795038832,New,257.27,INR,UPI,Failed,Customer abandoned checkout,4,0,0,196,2026-08-15 01:58:42,0.56,0,Pending Recovery,Send personalized recovery reminder,0.0,Medium
TXN11201,CUST1117,Sai Kapoor,sai.kapoor286@example.com,+91 9761330848,Enterprise,670.77,INR,Credit Card,Success,None,31,1,0,0,2026-08-13 08:27:12,1.0,1,Not Applicable,None,670.77,Low
TXN11202,CUST1177,Navya Malhotra,navya.malhotra821@example.com,+91 9293334613,Returning,3121.67,INR,Credit Card,Success,None,7,1,0,0,2026-08-06 03:17:31,1.0,1,Not Applicable,None,3121.67,Low
TXN11203,CUST1033,Amit Kapoor,amit.kapoor263@example.com,+91 9341266931,Returning,4609.87,INR,UPI,Success,None,7,2,0,0,2026-08-11 10:43:59,1.0,1,Not Applicable,None,4609.87,Low
TXN11204,CUST1229,Aarav Nair,aarav.nair790@example.com,+91 9431769776,Returning,768.84,INR,UPI,Success,None,11,2,0,0,2026-08-25 17:25:20,1.0,1,Not Applicable,None,768.84,Low
TXN11205,CUST1348,Ishaan Chatterjee,ishaan.chatterjee387@example.com,+91 9455665802,VIP,56998.07,INR,Debit Card,Failed,Payment gateway error,34,0,0,564,2026-08-09 09:32:09,0.9308,0,Pending Recovery,Smart Retry payment,0.0,Low
TXN11206,CUST1098,Reyansh Malhotra,reyansh.malhotra798@example.com,+91 9727150493,Returning,252.5,INR,Credit Card,Success,None,3,4,0,0,2026-08-24 14:30:13,1.0,1,Not Applicable,None,252.5,Low
TXN11207,CUST1207,Saanvi Iyer,saanvi.iyer248@example.com,+91 9452788129,VIP,4595.46,INR,Credit Card,Recovered,Temporary bank failure,17,3,0,652,2026-08-20 18:45:03,0.95,1,Recovered,Smart Retry payment,4595.46,Low
TXN11208,CUST1188,Ishaan Bose,ishaan.bose383@example.com,+91 9886365312,New,811.24,INR,Credit Card,Recovered,Network error,0,0,0,350,2026-08-15 19:54:59,0.71,1,Recovered,Smart Retry payment,811.24,Low
TXN11209,CUST1255,Pari Verma,pari.verma839@example.com,+91 9713811693,Returning,372.17,INR,Wallet,Success,None,15,2,0,0,2026-08-05 04:33:10,1.0,1,Not Applicable,None,372.17,Low
TXN11210,CUST1222,Aditya Patel,aditya.patel108@example.com,+91 9899496315,New,865.44,INR,Credit Card,Success,None,4,2,0,0,2026-08-08 14:28:47,1.0,1,Not Applicable,None,865.44,Low
TXN11211,CUST1245,Neha Mehta,neha.mehta613@example.com,+91 9529979713,New,1565.77,INR,Credit Card,Success,None,3,0,0,0,2026-08-04 20:42:42,1.0,1,Not Applicable,None,1565.77,Low
TXN11212,CUST1324,Rohan Nair,rohan.nair604@example.com,+91 9265564833,Returning,666.41,INR,Credit Card,Success,None,5,4,0,0,2026-08-01 15:39:45,1.0,1,Not Applicable,None,666.41,Low
TXN11213,CUST1192,Priya Mehta,priya.mehta87@example.com,+91 9251136695,Returning,17960.6,INR,UPI,Success,None,13,7,0,0,2026-07-31 04:49:17,1.0,1,Not Applicable,None,17960.6,Low
TXN11214,CUST1108,Reyansh Sharma,reyansh.sharma254@example.com,+91 9235528741,Returning,15323.54,INR,Netbanking,Success,None,15,1,0,0,2026-08-17 18:16:35,1.0,1,Not Applicable,None,15323.54,Low
TXN11215,CUST1144,Meera Gupta,meera.gupta83@example.com,+91 9164035859,VIP,3308.3,INR,UPI,Failed,Expired card,16,2,0,612,2026-08-02 00:14:18,0.2825,0,Pending Recovery,Escalate to support,0.0,High
TXN11216,CUST1128,Pari Nair,pari.nair766@example.com,+91 9619904272,New,2878.54,INR,UPI,Success,None,4,2,0,0,2026-08-01 11:21:56,1.0,1,Not Applicable,None,2878.54,Low
TXN11217,CUST1042,Neha Patel,neha.patel892@example.com,+91 9690907304,Returning,2850.29,INR,Netbanking,Success,None,9,0,0,0,2026-08-19 18:38:10,1.0,1,Not Applicable,None,2850.29,Low
TXN11218,CUST1099,Ananya Chatterjee,ananya.chatterjee370@example.com,+91 9420632895,New,2104.57,INR,UPI,Success,None,2,2,0,0,2026-07-30 21:28:04,1.0,1,Not Applicable,None,2104.57,Low
TXN11219,CUST1168,Ananya Reddy,ananya.reddy47@example.com,+91 9235555899,Returning,657.59,INR,Credit Card,Success,None,13,4,0,0,2026-08-27 00:56:10,1.0,1,Not Applicable,None,657.59,Low
TXN11220,CUST1275,Arjun Gupta,arjun.gupta502@example.com,+91 9498585961,New,828.66,INR,UPI,Success,None,8,1,0,0,2026-08-16 07:11:45,1.0,1,Not Applicable,None,828.66,Low
TXN11221,CUST1100,Pari Joshi,pari.joshi929@example.com,+91 9336801619,Returning,3016.01,INR,UPI,Recovered,Payment gateway error,11,3,0,34,2026-08-19 17:02:56,0.8375,1,Recovered,Smart Retry payment,3016.01,Low
TXN11222,CUST1216,Myra Reddy,myra.reddy291@example.com,+91 9770355806,New,517.45,INR,Netbanking,Recovered,Customer abandoned checkout,4,3,0,285,2026-08-17 04:40:27,0.5183,1,Recovered,Send personalized recovery reminder,517.45,Medium
TXN11223,CUST1102,Sneha Nair,sneha.nair951@example.com,+91 9237039296,VIP,2812.88,INR,UPI,Recovered,Timeout,30,4,0,327,2026-08-26 16:46:40,0.8342,1,Recovered,Smart Retry payment,2812.88,Low
TXN11224,CUST1193,Neha Joshi,neha.joshi819@example.com,+91 9523671208,Returning,3514.93,INR,Credit Card,Recovered,Payment gateway error,3,2,1,587,2026-08-08 11:06:06,0.6307,1,Recovered,Send payment reminder,3514.93,Medium
TXN11225,CUST1262,Neha Reddy,neha.reddy606@example.com,+91 9812548074,Returning,744.54,INR,UPI,Failed,Bank decline,5,2,0,373,2026-07-31 01:33:46,0.295,0,Pending Recovery,Escalate to support,0.0,High
TXN11226,CUST1174,Rohan Singh,rohan.singh774@example.com,+91 9197044071,Enterprise,408.22,INR,UPI,Success,None,21,1,0,0,2026-07-31 03:46:46,1.0,1,Not Applicable,None,408.22,Low
TXN11227,CUST1080,Pooja Chopra,pooja.chopra934@example.com,+91 9286860433,Returning,1357.81,INR,UPI,Recovered,Temporary bank failure,11,5,1,29,2026-08-21 14:04:17,0.715,1,Recovered,Smart Retry payment,1357.81,Low
TXN11228,CUST1116,Diya Deshmukh,diya.deshmukh858@example.com,+91 9593641365,Returning,1168.66,INR,Debit Card,Success,None,9,3,0,0,2026-08-26 15:20:32,1.0,1,Not Applicable,None,1168.66,Low
TXN11229,CUST1199,Vihaan Rao,vihaan.rao148@example.com,+91 9517305280,VIP,3680.38,INR,UPI,Success,None,24,2,0,0,2026-08-13 07:10:10,1.0,1,Not Applicable,None,3680.38,Low
TXN11230,CUST1282,Anika Bose,anika.bose937@example.com,+91 9185068029,Returning,279.11,INR,UPI,Failed,Insufficient funds,3,3,1,173,2026-08-12 22:38:54,0.19,0,Pending Recovery,Escalate to support,0.0,High
TXN11231,CUST1078,Shaurya Mehta,shaurya.mehta317@example.com,+91 9644518647,Returning,4659.89,INR,Debit Card,Recovered,Payment gateway error,8,3,1,347,2026-08-15 01:05:42,0.6488,1,Recovered,Send payment reminder,4659.89,Medium
TXN11232,CUST1134,Vihaan Patel,vihaan.patel85@example.com,+91 9719571745,Returning,684.42,INR,Credit Card,Success,None,15,1,0,0,2026-08-27 13:39:26,1.0,1,Not Applicable,None,684.42,Low
TXN11233,CUST1105,Gauri Kulkarni,gauri.kulkarni910@example.com,+91 9507083673,Returning,136.49,INR,Debit Card,Success,None,6,6,0,0,2026-08-24 07:17:28,1.0,1,Not Applicable,None,136.49,Low
TXN11234,CUST1153,Ishaan Chopra,ishaan.chopra573@example.com,+91 9139403247,VIP,15112.42,INR,Netbanking,Success,None,23,0,0,0,2026-08-08 18:25:12,1.0,1,Not Applicable,None,15112.42,Low
TXN11235,CUST1291,Ayaan Mehta,ayaan.mehta762@example.com,+91 9912477810,Returning,17652.59,INR,UPI,Failed,Payment gateway error,10,1,2,402,2026-07-30 01:30:16,0.4919,0,Pending Recovery,Send payment reminder,0.0,Medium
TXN11236,CUST1235,Gauri Malhotra,gauri.malhotra783@example.com,+91 9650127661,Returning,59117.84,INR,UPI,Success,None,6,2,0,0,2026-08-15 00:00:33,1.0,1,Not Applicable,None,59117.84,Low
TXN11237,CUST1128,Pari Nair,pari.nair766@example.com,+91 9619904272,New,195.54,INR,UPI,Failed,Temporary bank failure,5,2,0,586,2026-07-30 09:13:34,0.835,0,Pending Recovery,Smart Retry payment,0.0,Low
TXN11238,CUST1050,Neha Rao,neha.rao974@example.com,+91 9711684318,Returning,292.78,INR,UPI,Success,None,10,5,0,0,2026-08-24 05:52:46,1.0,1,Not Applicable,None,292.78,Low
TXN11239,CUST1012,Rahul Deshmukh,rahul.deshmukh373@example.com,+91 9324956459,New,130.49,INR,UPI,Failed,Bank decline,7,2,0,656,2026-08-12 12:04:29,0.2441,0,Pending Recovery,Escalate to support,0.0,High
TXN11240,CUST1350,Myra Chatterjee,myra.chatterjee681@example.com,+91 9940636753,Returning,4520.28,INR,Netbanking,Failed,Insufficient funds,13,6,1,284,2026-08-01 22:51:33,0.215,0,Pending Recovery,Escalate to support,0.0,High
TXN11241,CUST1289,Navya Kapoor,navya.kapoor409@example.com,+91 9604803700,Returning,3925.0,INR,UPI,Failed,Insufficient funds,5,3,0,18,2026-08-18 06:01:45,0.385,0,Pending Recovery,Escalate to support,0.0,High
TXN11242,CUST1023,Vihaan Joshi,vihaan.joshi797@example.com,+91 9788227492,Returning,4836.76,INR,Netbanking,Success,None,10,1,0,0,2026-08-19 15:11:25,1.0,1,Not Applicable,None,4836.76,Low
TXN11243,CUST1344,Navya Verma,navya.verma150@example.com,+91 9866213410,New,883.79,INR,UPI,Success,None,4,2,0,0,2026-07-29 13:53:40,1.0,1,Not Applicable,None,883.79,Low
TXN11244,CUST1223,Priya Reddy,priya.reddy610@example.com,+91 9702998820,Returning,3811.08,INR,Debit Card,Success,None,15,2,0,0,2026-08-20 09:58:26,1.0,1,Not Applicable,None,3811.08,Low
TXN11245,CUST1189,Meera Singh,meera.singh435@example.com,+91 9288592093,Returning,2889.43,INR,UPI,Success,None,6,1,0,0,2026-08-09 12:48:41,1.0,1,Not Applicable,None,2889.43,Low
TXN11246,CUST1328,Ishaan Singh,ishaan.singh834@example.com,+91 9966884723,Returning,255.57,INR,UPI,Success,None,13,3,0,0,2026-08-08 14:21:36,1.0,1,Not Applicable,None,255.57,Low
TXN11247,CUST1254,Rohan Patel,rohan.patel529@example.com,+91 9512834919,Returning,2630.9,INR,Wallet,Failed,Timeout,10,4,0,557,2026-08-05 15:03:28,0.7481,0,Pending Recovery,Smart Retry payment,0.0,Low
TXN11248,CUST1085,Pooja Singh,pooja.singh213@example.com,+91 9258220114,New,10151.46,INR,Netbanking,Success,None,1,0,0,0,2026-08-02 13:35:42,1.0,1,Not Applicable,None,10151.46,Low
TXN11249,CUST1082,Diya Bhat,diya.bhat339@example.com,+91 9599277266,Returning,13604.82,INR,Wallet,Success,None,13,3,0,0,2026-08-23 00:22:40,1.0,1,Not Applicable,None,13604.82,Low
TXN11250,CUST1058,Vihaan Reddy,vihaan.reddy921@example.com,+91 9214929002,Returning,55359.79,INR,Credit Card,Success,None,12,1,0,0,2026-08-06 01:39:42,1.0,1,Not Applicable,None,55359.79,Low
TXN11251,CUST1117,Sai Kapoor,sai.kapoor286@example.com,+91 9761330848,Enterprise,4150.11,INR,Credit Card,Failed,Network error,32,1,2,229,2026-08-23 08:26:37,0.5364,0,Pending Recovery,Send payment reminder,0.0,Medium
TXN11252,CUST1209,Priya Nair,priya.nair897@example.com,+91 9127681228,New,4950.81,INR,UPI,Success,None,2,3,0,0,2026-08-03 05:29:05,1.0,1,Not Applicable,None,4950.81,Low
TXN11253,CUST1001,Rohan Mehta,rohan.mehta291@example.com,+91 9362950628,New,19538.24,INR,Debit Card,Success,None,0,0,0,0,2026-08-26 00:22:15,1.0,1,Not Applicable,None,19538.24,Low
TXN11254,CUST1208,Aarav Gupta,aarav.gupta158@example.com,+91 9239577989,VIP,287.32,INR,Credit Card,Success,None,27,1,0,0,2026-08-03 14:52:01,1.0,1,Not Applicable,None,287.32,Low
TXN11255,CUST1107,Ayaan Patel,ayaan.patel677@example.com,+91 9143226844,Returning,797.46,INR,UPI,Recovered,Network error,3,1,1,312,2026-08-26 19:27:47,0.615,1,Recovered,Send payment reminder,797.46,Medium
TXN11256,CUST1192,Priya Mehta,priya.mehta87@example.com,+91 9251136695,Returning,484.67,INR,Credit Card,Success,None,14,7,0,0,2026-08-16 08:46:59,1.0,1,Not Applicable,None,484.67,Low
TXN11257,CUST1017,Reyansh Chatterjee,reyansh.chatterjee946@example.com,+91 9790256940,Returning,2405.64,INR,UPI,Success,None,9,1,0,0,2026-08-22 13:11:29,1.0,1,Not Applicable,None,2405.64,Low
TXN11258,CUST1217,Pari Kulkarni,pari.kulkarni621@example.com,+91 9669681065,Returning,3480.31,INR,UPI,Success,None,10,5,0,0,2026-08-12 14:22:01,1.0,1,Not Applicable,None,3480.31,Low
TXN11259,CUST1250,Gauri Bhat,gauri.bhat469@example.com,+91 9831361497,Returning,1347.23,INR,UPI,Recovered,Temporary bank failure,18,4,0,350,2026-08-06 01:05:03,0.9137,1,Recovered,Smart Retry payment,1347.23,Low
TXN11260,CUST1241,Aditya Chopra,aditya.chopra53@example.com,+91 9568387228,VIP,377.83,INR,Debit Card,Success,None,9,1,0,0,2026-08-04 18:03:08,1.0,1,Not Applicable,None,377.83,Low
TXN11261,CUST1066,Pooja Rao,pooja.rao372@example.com,+91 9937643439,Returning,3700.3,INR,UPI,Success,None,12,3,0,0,2026-07-31 02:52:07,1.0,1,Not Applicable,None,3700.3,Low
TXN11262,CUST1290,Atharva Gupta,atharva.gupta375@example.com,+91 9946666926,Returning,931.48,INR,Credit Card,Recovered,Bank decline,3,3,0,171,2026-08-16 02:53:47,0.27,1,Recovered,Escalate to support,931.48,High
TXN11263,CUST1308,Ananya Kulkarni,ananya.kulkarni265@example.com,+91 9221814525,Returning,197.71,INR,UPI,Success,None,4,2,0,0,2026-08-04 07:14:11,1.0,1,Not Applicable,None,197.71,Low
TXN11264,CUST1335,Karan Nair,karan.nair537@example.com,+91 9601238919,Returning,16586.17,INR,UPI,Recovered,Payment gateway error,12,3,0,123,2026-08-08 18:04:13,0.8397,1,Recovered,Smart Retry payment,16586.17,Low
TXN11265,CUST1072,Karan Gupta,karan.gupta531@example.com,+91 9529151399,Returning,979.92,INR,Credit Card,Failed,Customer abandoned checkout,13,6,2,382,2026-08-13 12:35:45,0.235,0,Pending Recovery,Escalate to support,0.0,High
TXN11266,CUST1055,Pari Iyer,pari.iyer145@example.com,+91 9474745382,Returning,129.18,INR,UPI,Success,None,8,2,0,0,2026-07-30 23:44:38,1.0,1,Not Applicable,None,129.18,Low
TXN11267,CUST1341,Aditya Chopra,aditya.chopra792@example.com,+91 9690404558,Returning,460.19,INR,Netbanking,Success,None,9,4,0,0,2026-08-24 06:00:17,1.0,1,Not Applicable,None,460.19,Low
TXN11268,CUST1293,Vikram Chatterjee,vikram.chatterjee840@example.com,+91 9244796859,Returning,275.87,INR,Credit Card,Success,None,6,4,0,0,2026-08-15 01:55:47,1.0,1,Not Applicable,None,275.87,Low
TXN11269,CUST1337,Reyansh Bhat,reyansh.bhat61@example.com,+91 9402104065,Returning,470.93,INR,Credit Card,Recovered,Temporary bank failure,14,5,0,17,2026-08-02 10:33:03,0.9021,1,Recovered,Smart Retry payment,470.93,Low
TXN11270,CUST1341,Aditya Chopra,aditya.chopra792@example.com,+91 9690404558,Returning,576.47,INR,UPI,Success,None,10,4,0,0,2026-08-07 16:48:59,1.0,1,Not Applicable,None,576.47,Low
TXN11271,CUST1110,Myra Menon,myra.menon745@example.com,+91 9222978730,Enterprise,526.28,INR,Credit Card,Failed,Insufficient funds,14,1,0,135,2026-08-10 03:02:11,0.4874,0,Pending Recovery,Send payment reminder,0.0,Medium
TXN11272,CUST1075,Myra Kapoor,myra.kapoor931@example.com,+91 9719106699,New,6019.84,INR,Credit Card,Success,None,3,2,0,0,2026-08-15 02:44:07,1.0,1,Not Applicable,None,6019.84,Low
TXN11273,CUST1321,Arjun Singh,arjun.singh340@example.com,+91 9861639583,New,301.81,INR,UPI,Recovered,Temporary bank failure,5,1,1,387,2026-08-11 16:25:07,0.6675,1,Recovered,Smart Retry payment,301.81,Medium
TXN11274,CUST1311,Reyansh Mehta,reyansh.mehta85@example.com,+91 9585377142,New,8370.59,INR,Netbanking,Success,None,0,3,0,0,2026-08-26 20:21:25,1.0,1,Not Applicable,None,8370.59,Low
TXN11275,CUST1326,Aditya Verma,aditya.verma799@example.com,+91 9719303396,VIP,638.08,INR,UPI,Success,None,20,3,0,0,2026-08-10 21:01:43,1.0,1,Not Applicable,None,638.08,Low
TXN11276,CUST1044,Diya Chatterjee,diya.chatterjee895@example.com,+91 9530613729,Returning,4107.42,INR,Debit Card,Failed,Expired card,6,3,0,553,2026-08-06 11:29:50,0.1905,0,Pending Recovery,Escalate to support,0.0,High
TXN11277,CUST1158,Aarav Menon,aarav.menon736@example.com,+91 9270057261,Returning,12048.21,INR,Credit Card,Success,None,7,4,0,0,2026-08-23 15:14:05,1.0,1,Not Applicable,None,12048.21,Low
TXN11278,CUST1350,Myra Chatterjee,myra.chatterjee681@example.com,+91 9940636753,Returning,3643.37,INR,Credit Card,Success,None,13,7,0,0,2026-08-01 01:47:20,1.0,1,Not Applicable,None,3643.37,Low
TXN11279,CUST1265,Aditya Malhotra,aditya.malhotra28@example.com,+91 9489336282,Returning,1251.67,INR,Credit Card,Success,None,9,1,0,0,2026-08-24 16:23:44,1.0,1,Not Applicable,None,1251.67,Low
TXN11280,CUST1166,Gauri Kulkarni,gauri.kulkarni724@example.com,+91 9356415500,VIP,13489.66,INR,UPI,Recovered,Payment gateway error,29,2,0,679,2026-08-23 03:31:08,0.9214,1,Recovered,Smart Retry payment,13489.66,Low
TXN11281,CUST1314,Priya Deshmukh,priya.deshmukh134@example.com,+91 9315801027,Returning,7089.03,INR,Debit Card,Recovered,Payment gateway error,4,2,1,600,2026-08-18 20:14:27,0.6388,1,Recovered,Send payment reminder,7089.03,Medium
TXN11282,CUST1061,Rahul Gupta,rahul.gupta351@example.com,+91 9927982963,New,4503.71,INR,Credit Card,Recovered,Timeout,4,3,0,256,2026-08-22 08:43:04,0.6683,1,Recovered,Smart Retry payment,4503.71,Medium
TXN11283,CUST1139,Rohan Iyer,rohan.iyer93@example.com,+91 9268638768,Returning,11885.73,INR,UPI,Recovered,Timeout,9,2,0,73,2026-07-31 03:47:12,0.7604,1,Recovered,Smart Retry payment,11885.73,Low
TXN11284,CUST1131,Krishna Verma,krishna.verma576@example.com,+91 9413679331,Enterprise,11820.95,INR,Wallet,Success,None,32,0,0,0,2026-08-06 17:25:54,1.0,1,Not Applicable,None,11820.95,Low
TXN11285,CUST1027,Meera Sharma,meera.sharma510@example.com,+91 9120912992,Returning,60827.33,INR,Credit Card,Recovered,Temporary bank failure,8,2,1,60,2026-08-11 06:46:55,0.7275,1,Recovered,Smart Retry payment,60827.33,Low
TXN11286,CUST1036,Navya Rao,navya.rao507@example.com,+91 9330035022,Returning,592.64,INR,UPI,Success,None,11,2,0,0,2026-08-26 07:12:47,1.0,1,Not Applicable,None,592.64,Low
TXN11287,CUST1339,Amit Gupta,amit.gupta792@example.com,+91 9532990767,Returning,1039.41,INR,UPI,Success,None,11,0,0,0,2026-08-06 14:21:20,1.0,1,Not Applicable,None,1039.41,Low
TXN11288,CUST1317,Ananya Chatterjee,ananya.chatterjee797@example.com,+91 9539625898,Returning,4006.15,INR,Netbanking,Recovered,Customer abandoned checkout,12,1,0,397,2026-08-04 23:57:42,0.625,1,Recovered,Send personalized recovery reminder,4006.15,Medium
TXN11289,CUST1316,Priya Joshi,priya.joshi915@example.com,+91 9192573170,New,243.36,INR,Credit Card,Success,None,3,1,0,0,2026-08-27 20:45:45,1.0,1,Not Applicable,None,243.36,Low
TXN11290,CUST1127,Krishna Rao,krishna.rao207@example.com,+91 9438817025,New,8314.38,INR,Credit Card,Failed,Payment gateway error,3,2,0,598,2026-08-03 06:48:10,0.7507,0,Pending Recovery,Smart Retry payment,0.0,Low
TXN11291,CUST1198,Vihaan Reddy,vihaan.reddy48@example.com,+91 9426808977,New,307.96,INR,Debit Card,Success,None,2,0,0,0,2026-08-11 08:47:11,1.0,1,Not Applicable,None,307.96,Low
TXN11292,CUST1315,Priya Chatterjee,priya.chatterjee577@example.com,+91 9714478186,New,1092.08,INR,Debit Card,Recovered,Payment gateway error,3,1,0,524,2026-08-18 12:21:57,0.765,1,Recovered,Smart Retry payment,1092.08,Low
TXN11293,CUST1227,Vihaan Gupta,vihaan.gupta836@example.com,+91 9560755939,Returning,2491.47,INR,Debit Card,Success,None,15,5,0,0,2026-08-19 05:22:06,1.0,1,Not Applicable,None,2491.47,Low
TXN11294,CUST1107,Ayaan Patel,ayaan.patel677@example.com,+91 9143226844,Returning,416.94,INR,UPI,Success,None,4,1,0,0,2026-08-25 05:09:17,1.0,1,Not Applicable,None,416.94,Low
TXN11295,CUST1013,Vikram Patel,vikram.patel185@example.com,+91 9673528321,Returning,3252.67,INR,Credit Card,Recovered,Payment gateway error,9,2,0,451,2026-08-19 07:09:14,0.8404,1,Recovered,Smart Retry payment,3252.67,Low
TXN11296,CUST1218,Navya Menon,navya.menon822@example.com,+91 9853529912,Returning,328.43,INR,UPI,Failed,Insufficient funds,7,4,1,618,2026-08-28 05:45:42,0.2073,0,Pending Recovery,Escalate to support,0.0,High
TXN11297,CUST1101,Krishna Malhotra,krishna.malhotra408@example.com,+91 9460916347,Returning,19686.44,INR,UPI,Success,None,14,3,0,0,2026-08-01 10:36:50,1.0,1,Not Applicable,None,19686.44,Low
TXN11298,CUST1284,Vihaan Singh,vihaan.singh134@example.com,+91 9151270577,New,170.33,INR,Netbanking,Success,None,4,2,0,0,2026-08-07 11:46:04,1.0,1,Not Applicable,None,170.33,Low
TXN11299,CUST1096,Arjun Reddy,arjun.reddy720@example.com,+91 9264073400,New,379.44,INR,Credit Card,Failed,Customer abandoned checkout,5,1,3,185,2026-07-31 16:57:24,0.05,0,Pending Recovery,Stop further retries,0.0,High
TXN11300,CUST1241,Aditya Chopra,aditya.chopra53@example.com,+91 9568387228,VIP,18422.94,INR,UPI,Success,None,10,1,0,0,2026-08-04 09:48:36,1.0,1,Not Applicable,None,18422.94,Low
TXN11301,CUST1052,Navya Kulkarni,navya.kulkarni219@example.com,+91 9819112790,VIP,803.83,INR,Credit Card,Success,None,35,2,0,0,2026-08-14 19:48:56,1.0,1,Not Applicable,None,803.83,Low
TXN11302,CUST1274,Navya Kapoor,navya.kapoor175@example.com,+91 9977130288,Returning,8684.45,INR,UPI,Success,None,9,4,0,0,2026-08-21 08:16:31,1.0,1,Not Applicable,None,8684.45,Low
TXN11303,CUST1259,Sai Deshmukh,sai.deshmukh299@example.com,+91 9515985367,Returning,10906.69,INR,UPI,Success,None,14,3,0,0,2026-08-23 12:20:54,1.0,1,Not Applicable,None,10906.69,Low
TXN11304,CUST1189,Meera Singh,meera.singh435@example.com,+91 9288592093,Returning,2116.83,INR,UPI,Recovered,Customer abandoned checkout,7,1,0,391,2026-08-01 10:07:40,0.615,1,Recovered,Send personalized recovery reminder,2116.83,Medium
TXN11305,CUST1148,Krishna Sharma,krishna.sharma994@example.com,+91 9824022357,New,4194.55,INR,Credit Card,Failed,Expired card,6,2,2,367,2026-08-14 12:20:31,0.05,0,Pending Recovery,Escalate to support,0.0,High
TXN11306,CUST1296,Vivaan Iyer,vivaan.iyer892@example.com,+91 9938422254,Returning,3996.62,INR,Debit Card,Success,None,3,3,0,0,2026-08-10 14:16:14,1.0,1,Not Applicable,None,3996.62,Low
TXN11307,CUST1019,Saanvi Malhotra,saanvi.malhotra418@example.com,+91 9488690725,VIP,638.82,INR,UPI,Recovered,Payment gateway error,20,1,0,208,2026-08-16 09:41:55,0.922,1,Recovered,Smart Retry payment,638.82,Low
TXN11308,CUST1111,Vihaan Bhat,vihaan.bhat329@example.com,+91 9718257024,New,673.61,INR,UPI,Success,None,5,4,0,0,2026-08-22 07:43:35,1.0,1,Not Applicable,None,673.61,Low
TXN11309,CUST1155,Pooja Joshi,pooja.joshi65@example.com,+91 9301415220,Returning,227.08,INR,Netbanking,Success,None,11,3,0,0,2026-08-05 20:39:51,1.0,1,Not Applicable,None,227.08,Low
TXN11310,CUST1191,Rahul Nair,rahul.nair854@example.com,+91 9617380166,Returning,11949.03,INR,UPI,Failed,Payment gateway error,9,2,0,481,2026-08-27 04:34:48,0.8404,0,Pending Recovery,Smart Retry payment,0.0,Low
TXN11311,CUST1335,Karan Nair,karan.nair537@example.com,+91 9601238919,Returning,6171.77,INR,UPI,Success,None,13,3,0,0,2026-08-14 11:43:56,1.0,1,Not Applicable,None,6171.77,Low
TXN11312,CUST1246,Ananya Singh,ananya.singh236@example.com,+91 9457629711,Returning,397.31,INR,UPI,Success,None,6,0,0,0,2026-07-29 07:42:03,1.0,1,Not Applicable,None,397.31,Low
TXN11313,CUST1288,Pooja Patel,pooja.patel379@example.com,+91 9172670118,Returning,121.22,INR,UPI,Success,None,14,5,0,0,2026-07-30 00:07:22,1.0,1,Not Applicable,None,121.22,Low
TXN11314,CUST1236,Diya Mehta,diya.mehta704@example.com,+91 9736873048,Returning,392.89,INR,UPI,Success,None,16,5,0,0,2026-08-16 07:23:34,1.0,1,Not Applicable,None,392.89,Low
TXN11315,CUST1222,Aditya Patel,aditya.patel108@example.com,+91 9899496315,New,1144.59,INR,Debit Card,Success,None,5,2,0,0,2026-08-14 22:57:02,1.0,1,Not Applicable,None,1144.59,Low
TXN11316,CUST1194,Pari Mehta,pari.mehta698@example.com,+91 9904245086,Returning,741.84,INR,Debit Card,Success,None,16,3,0,0,2026-08-02 22:02:42,1.0,1,Not Applicable,None,741.84,Low
TXN11317,CUST1316,Priya Joshi,priya.joshi915@example.com,+91 9192573170,New,453.96,INR,UPI,Failed,Network error,4,1,2,160,2026-08-26 16:16:28,0.3821,0,Pending Recovery,Escalate to support,0.0,High
TXN11318,CUST1291,Ayaan Mehta,ayaan.mehta762@example.com,+91 9912477810,Returning,923.46,INR,UPI,Failed,Temporary bank failure,10,2,0,174,2026-08-23 21:37:30,0.9129,0,Pending Recovery,Smart Retry payment,0.0,Low
TXN11319,CUST1253,Gauri Bose,gauri.bose387@example.com,+91 9993027458,New,701.48,INR,Debit Card,Failed,Bank decline,3,1,1,566,2026-08-20 01:48:07,0.055,0,Pending Recovery,Escalate to support,0.0,High
TXN11320,CUST1170,Aarav Reddy,aarav.reddy680@example.com,+91 9265744099,Returning,2305.81,INR,UPI,Success,None,4,4,0,0,2026-08-19 20:50:24,1.0,1,Not Applicable,None,2305.81,Low
TXN11321,CUST1305,Vivaan Reddy,vivaan.reddy807@example.com,+91 9792738367,New,1980.94,INR,Debit Card,Success,None,4,2,0,0,2026-08-06 22:34:06,1.0,1,Not Applicable,None,1980.94,Low
TXN11322,CUST1208,Aarav Gupta,aarav.gupta158@example.com,+91 9239577989,VIP,631.52,INR,Debit Card,Failed,Payment gateway error,28,1,3,480,2026-08-23 03:36:14,0.3853,0,Pending Recovery,Stop further retries,0.0,High
TXN11323,CUST1051,Myra Verma,myra.verma439@example.com,+91 9805849060,Returning,3022.87,INR,UPI,Recovered,Timeout,13,5,2,683,2026-08-15 03:43:42,0.39,1,Recovered,Escalate to support,3022.87,High
TXN11324,CUST1161,Diya Chatterjee,diya.chatterjee259@example.com,+91 9590470737,Enterprise,5853.49,INR,UPI,Success,None,30,1,0,0,2026-08-11 05:44:58,1.0,1,Not Applicable,None,5853.49,Low
TXN11325,CUST1190,Priya Joshi,priya.joshi384@example.com,+91 9669998399,VIP,311.11,INR,Netbanking,Success,None,27,1,0,0,2026-08-27 04:34:05,1.0,1,Not Applicable,None,311.11,Low
TXN11326,CUST1121,Reyansh Deshmukh,reyansh.deshmukh358@example.com,+91 9400281010,Returning,648.52,INR,UPI,Recovered,Temporary bank failure,12,3,1,13,2026-08-08 00:58:13,0.7297,1,Recovered,Smart Retry payment,648.52,Low
TXN11327,CUST1220,Rahul Bose,rahul.bose757@example.com,+91 9202097643,Returning,1369.17,INR,Wallet,Success,None,8,4,0,0,2026-08-18 06:01:51,1.0,1,Not Applicable,None,1369.17,Low
TXN11328,CUST1091,Pooja Kapoor,pooja.kapoor619@example.com,+91 9440696084,Enterprise,361.28,INR,Debit Card,Success,None,25,2,0,0,2026-08-26 02:27:11,1.0,1,Not Applicable,None,361.28,Low
TXN11329,CUST1045,Ananya Sharma,ananya.sharma281@example.com,+91 9941889393,Enterprise,902.59,INR,UPI,Failed,Insufficient funds,26,1,0,179,2026-08-16 07:40:21,0.4947,0,Pending Recovery,Send payment reminder,0.0,Medium
TXN11330,CUST1252,Ishaan Gupta,ishaan.gupta370@example.com,+91 9644748834,Returning,633.03,INR,Credit Card,Success,None,9,5,0,0,2026-08-23 02:10:56,1.0,1,Not Applicable,None,633.03,Low
TXN11331,CUST1311,Reyansh Mehta,reyansh.mehta85@example.com,+91 9585377142,New,7360.75,INR,Debit Card,Success,None,1,3,0,0,2026-08-12 23:31:26,1.0,1,Not Applicable,None,7360.75,Low
TXN11332,CUST1202,Vikram Deshmukh,vikram.deshmukh465@example.com,+91 9353524015,New,14974.46,INR,Credit Card,Success,None,4,0,0,0,2026-08-09 02:58:22,1.0,1,Not Applicable,None,14974.46,Low
TXN11333,CUST1206,Ayaan Reddy,ayaan.reddy220@example.com,+91 9173669588,Returning,936.45,INR,Debit Card,Success,None,13,3,0,0,2026-08-18 01:40:42,1.0,1,Not Applicable,None,936.45,Low
TXN11334,CUST1080,Pooja Chopra,pooja.chopra934@example.com,+91 9286860433,Returning,151.87,INR,Netbanking,Recovered,Payment gateway error,12,5,0,332,2026-08-27 23:00:44,0.8276,1,Recovered,Smart Retry payment,151.87,Low
TXN11335,CUST1247,Navya Mehta,navya.mehta208@example.com,+91 9933468715,Returning,209.36,INR,Credit Card,Success,None,8,2,0,0,2026-08-15 00:38:36,1.0,1,Not Applicable,None,209.36,Low
TXN11336,CUST1108,Reyansh Sharma,reyansh.sharma254@example.com,+91 9235528741,Returning,14842.07,INR,UPI,Failed,Insufficient funds,16,1,0,514,2026-08-08 07:05:32,0.4292,0,Pending Recovery,Send payment reminder,0.0,Medium
TXN11337,CUST1204,Krishna Iyer,krishna.iyer981@example.com,+91 9984968439,Enterprise,4449.44,INR,UPI,Success,None,26,0,0,0,2026-08-20 22:11:53,1.0,1,Not Applicable,None,4449.44,Low
TXN11338,CUST1291,Ayaan Mehta,ayaan.mehta762@example.com,+91 9912477810,Returning,7759.24,INR,Netbanking,Recovered,Payment gateway error,10,3,0,148,2026-08-05 12:06:56,0.835,1,Recovered,Smart Retry payment,7759.24,Low
TXN11339,CUST1310,Vikram Bose,vikram.bose636@example.com,+91 9406635834,New,2111.17,INR,UPI,Recovered,Payment gateway error,7,1,1,350,2026-07-30 00:55:43,0.605,1,Recovered,Send payment reminder,2111.17,Medium
TXN11340,CUST1248,Sneha Reddy,sneha.reddy159@example.com,+91 9374843786,New,4876.13,INR,UPI,Failed,Payment gateway error,2,0,0,546,2026-08-19 02:59:42,0.7775,0,Pending Recovery,Smart Retry payment,0.0,Low
TXN11341,CUST1314,Priya Deshmukh,priya.deshmukh134@example.com,+91 9315801027,Returning,7949.72,INR,Debit Card,Success,None,5,2,0,0,2026-07-30 23:49:16,1.0,1,Not Applicable,None,7949.72,Low
TXN11342,CUST1149,Aarav Gupta,aarav.gupta791@example.com,+91 9912037475,Returning,4022.34,INR,UPI,Failed,Network error,5,3,2,479,2026-08-10 17:09:40,0.425,0,Pending Recovery,Send payment reminder,0.0,Medium
TXN11343,CUST1312,Gauri Patel,gauri.patel875@example.com,+91 9443154754,VIP,4691.43,INR,Debit Card,Recovered,Insufficient funds,29,1,1,598,2026-08-06 16:36:20,0.3156,1,Recovered,Escalate to support,4691.43,High
TXN11344,CUST1136,Vihaan Joshi,vihaan.joshi630@example.com,+91 9740086326,Returning,305.3,INR,UPI,Success,None,13,1,0,0,2026-08-05 00:50:34,1.0,1,Not Applicable,None,305.3,Low
TXN11345,CUST1039,Gauri Verma,gauri.verma671@example.com,+91 9205675387,Returning,9104.25,INR,Debit Card,Success,None,2,3,0,0,2026-08-10 21:13:09,1.0,1,Not Applicable,None,9104.25,Low
TXN11346,CUST1328,Ishaan Singh,ishaan.singh834@example.com,+91 9966884723,Returning,4074.83,INR,Credit Card,Success,None,14,3,0,0,2026-08-15 19:13:57,1.0,1,Not Applicable,None,4074.83,Low
TXN11347,CUST1060,Navya Chatterjee,navya.chatterjee939@example.com,+91 9154544899,Returning,18883.51,INR,UPI,Success,None,4,3,0,0,2026-08-03 19:23:35,1.0,1,Not Applicable,None,18883.51,Low
TXN11348,CUST1220,Rahul Bose,rahul.bose757@example.com,+91 9202097643,Returning,681.16,INR,Netbanking,Recovered,Customer abandoned checkout,9,4,1,430,2026-08-02 11:40:50,0.415,1,Recovered,Send personalized recovery reminder,681.16,Medium
TXN11349,CUST1219,Sneha Iyer,sneha.iyer919@example.com,+91 9345343109,Returning,246.52,INR,UPI,Success,None,11,4,0,0,2026-08-07 16:31:33,1.0,1,Not Applicable,None,246.52,Low
TXN11350,CUST1036,Navya Rao,navya.rao507@example.com,+91 9330035022,Returning,239.01,INR,UPI,Success,None,12,2,0,0,2026-08-26 13:32:06,1.0,1,Not Applicable,None,239.01,Low
TXN11351,CUST1139,Rohan Iyer,rohan.iyer93@example.com,+91 9268638768,Returning,27369.1,INR,Credit Card,Failed,Temporary bank failure,10,2,1,289,2026-08-21 14:35:07,0.7329,0,Pending Recovery,Smart Retry payment,0.0,Low
TXN11352,CUST1183,Vihaan Rao,vihaan.rao377@example.com,+91 9717199615,Returning,2412.61,INR,UPI,Failed,Timeout,8,4,3,93,2026-08-26 22:36:49,0.2014,0,Pending Recovery,Stop further retries,0.0,High
TXN11353,CUST1084,Ishaan Kapoor,ishaan.kapoor644@example.com,+91 9459905654,Returning,243.31,INR,Debit Card,Success,None,4,2,0,0,2026-08-13 03:13:30,1.0,1,Not Applicable,None,243.31,Low
TXN11354,CUST1016,Priya Kulkarni,priya.kulkarni77@example.com,+91 9326541099,Returning,449.35,INR,Debit Card,Failed,Temporary bank failure,12,2,1,605,2026-08-14 00:30:04,0.7369,0,Pending Recovery,Smart Retry payment,0.0,Low
TXN11355,CUST1035,Vikram Verma,vikram.verma937@example.com,+91 9133729406,New,68402.33,INR,Debit Card,Success,None,6,0,0,0,2026-08-21 20:06:05,1.0,1,Not Applicable,None,68402.33,Low
TXN11356,CUST1165,Gauri Joshi,gauri.joshi350@example.com,+91 9692616814,Returning,1796.25,INR,UPI,Success,None,13,4,0,0,2026-07-29 08:30:14,1.0,1,Not Applicable,None,1796.25,Low
TXN11357,CUST1191,Rahul Nair,rahul.nair854@example.com,+91 9617380166,Returning,2661.72,INR,Debit Card,Success,None,9,3,0,0,2026-08-23 20:06:45,1.0,1,Not Applicable,None,2661.72,Low
TXN11358,CUST1305,Vivaan Reddy,vivaan.reddy807@example.com,+91 9792738367,New,4063.73,INR,Credit Card,Success,None,5,2,0,0,2026-08-15 00:41:44,1.0,1,Not Applicable,None,4063.73,Low
TXN11359,CUST1062,Krishna Nair,krishna.nair574@example.com,+91 9857704655,Returning,1129.89,INR,Debit Card,Failed,Insufficient funds,15,6,0,312,2026-08-08 00:33:31,0.3993,0,Pending Recovery,Escalate to support,0.0,High
TXN11360,CUST1071,Ayaan Sharma,ayaan.sharma418@example.com,+91 9452468587,Returning,4261.96,INR,Wallet,Recovered,Payment gateway error,10,1,0,312,2026-08-24 08:01:05,0.8519,1,Recovered,Smart Retry payment,4261.96,Low
TXN11361,CUST1014,Gauri Chopra,gauri.chopra957@example.com,+91 9787194506,Returning,41304.0,INR,Debit Card,Success,None,14,1,0,0,2026-08-26 09:59:53,1.0,1,Not Applicable,None,41304.0,Low
TXN11362,CUST1186,Priya Deshmukh,priya.deshmukh204@example.com,+91 9766676815,New,976.18,INR,Debit Card,Failed,Temporary bank failure,5,3,0,323,2026-08-02 03:35:31,0.825,0,Pending Recovery,Smart Retry payment,0.0,Low
TXN11363,CUST1282,Anika Bose,anika.bose937@example.com,+91 9185068029,Returning,4650.98,INR,UPI,Success,None,3,4,0,0,2026-08-26 18:34:59,1.0,1,Not Applicable,None,4650.98,Low
TXN11364,CUST1283,Reyansh Reddy,reyansh.reddy754@example.com,+91 9753780028,Returning,1401.64,INR,UPI,Success,None,14,3,0,0,2026-08-08 01:31:31,1.0,1,Not Applicable,None,1401.64,Low
TXN11365,CUST1171,Priya Gupta,priya.gupta719@example.com,+91 9526794469,Returning,145.85,INR,UPI,Success,None,15,2,0,0,2026-08-15 15:11:01,1.0,1,Not Applicable,None,145.85,Low
TXN11366,CUST1241,Aditya Chopra,aditya.chopra53@example.com,+91 9568387228,VIP,11089.42,INR,UPI,Recovered,Payment gateway error,11,1,0,587,2026-08-26 22:03:38,0.9136,1,Recovered,Smart Retry payment,11089.42,Low
TXN11367,CUST1054,Shaurya Patel,shaurya.patel646@example.com,+91 9704509817,New,1067.37,INR,UPI,Success,None,2,1,0,0,2026-08-03 21:29:30,1.0,1,Not Applicable,None,1067.37,Low
TXN11368,CUST1261,Shaurya Mehta,shaurya.mehta405@example.com,+91 9405100495,Returning,466.12,INR,Credit Card,Success,None,7,6,0,0,2026-08-15 21:30:37,1.0,1,Not Applicable,None,466.12,Low
TXN11369,CUST1253,Gauri Bose,gauri.bose387@example.com,+91 9993027458,New,1237.43,INR,UPI,Success,None,3,2,0,0,2026-08-04 03:44:08,1.0,1,Not Applicable,None,1237.43,Low
TXN11370,CUST1208,Aarav Gupta,aarav.gupta158@example.com,+91 9239577989,VIP,46750.3,INR,Credit Card,Failed,Payment gateway error,28,2,1,6,2026-08-17 05:37:50,0.7409,0,Pending Recovery,Smart Retry payment,0.0,Low
TXN11371,CUST1208,Aarav Gupta,aarav.gupta158@example.com,+91 9239577989,VIP,3986.4,INR,Credit Card,Success,None,28,3,0,0,2026-08-22 21:22:32,1.0,1,Not Applicable,None,3986.4,Low
TXN11372,CUST1128,Pari Nair,pari.nair766@example.com,+91 9619904272,New,135.19,INR,Wallet,Success,None,5,3,0,0,2026-08-20 11:02:40,1.0,1,Not Applicable,None,135.19,Low
TXN11373,CUST1112,Ananya Iyer,ananya.iyer717@example.com,+91 9991819497,New,200.35,INR,UPI,Recovered,Payment gateway error,6,0,0,155,2026-08-01 20:51:20,0.7963,1,Recovered,Smart Retry payment,200.35,Low
TXN11374,CUST1064,Vivaan Deshmukh,vivaan.deshmukh161@example.com,+91 9561479973,Returning,9876.35,INR,UPI,Success,None,6,0,0,0,2026-08-18 16:54:06,1.0,1,Not Applicable,None,9876.35,Low
TXN11375,CUST1326,Aditya Verma,aditya.verma799@example.com,+91 9719303396,VIP,449.29,INR,UPI,Success,None,21,3,0,0,2026-08-26 12:24:50,1.0,1,Not Applicable,None,449.29,Low
TXN11376,CUST1141,Anika Singh,anika.singh305@example.com,+91 9859088046,New,325.9,INR,UPI,Failed,Network error,2,3,0,118,2026-08-22 03:11:32,0.6993,0,Pending Recovery,Smart Retry payment,0.0,Medium
TXN11377,CUST1073,Shaurya Sharma,shaurya.sharma277@example.com,+91 9291735734,New,258.35,INR,Debit Card,Success,None,4,1,0,0,2026-08-20 19:43:23,1.0,1,Not Applicable,None,258.35,Low
TXN11378,CUST1156,Myra Chatterjee,myra.chatterjee788@example.com,+91 9155417727,Returning,2796.92,INR,Credit Card,Failed,Payment gateway error,12,3,2,22,2026-08-12 13:08:28,0.4797,0,Pending Recovery,Send payment reminder,0.0,Medium
TXN11379,CUST1331,Shaurya Deshmukh,shaurya.deshmukh143@example.com,+91 9916757816,Enterprise,1875.27,INR,Netbanking,Success,None,20,2,0,0,2026-08-26 00:22:35,1.0,1,Not Applicable,None,1875.27,Low
TXN11380,CUST1268,Rahul Kapoor,rahul.kapoor354@example.com,+91 9922816526,New,187.95,INR,Netbanking,Success,None,4,0,0,0,2026-08-07 13:22:56,1.0,1,Not Applicable,None,187.95,Low
TXN11381,CUST1055,Pari Iyer,pari.iyer145@example.com,+91 9474745382,Returning,353.53,INR,Debit Card,Success,None,9,2,0,0,2026-08-18 11:21:02,1.0,1,Not Applicable,None,353.53,Low
TXN11382,CUST1272,Pari Rao,pari.rao838@example.com,+91 9942211135,Returning,14412.16,INR,Wallet,Recovered,Timeout,12,3,1,6,2026-08-26 23:05:37,0.5797,1,Recovered,Send payment reminder,14412.16,Medium
TXN11383,CUST1096,Arjun Reddy,arjun.reddy720@example.com,+91 9264073400,New,374.7,INR,Debit Card,Failed,Customer abandoned checkout,5,2,3,583,2026-08-22 14:05:11,0.05,0,Pending Recovery,Stop further retries,0.0,High
TXN11384,CUST1050,Neha Rao,neha.rao974@example.com,+91 9711684318,Returning,661.16,INR,Netbanking,Failed,Timeout,11,5,0,446,2026-08-23 23:14:47,0.745,0,Pending Recovery,Smart Retry payment,0.0,Low
TXN11385,CUST1009,Pari Singh,pari.singh643@example.com,+91 9488302652,VIP,1412.67,INR,Netbanking,Failed,Expired card,26,1,0,702,2026-08-24 01:42:54,0.2947,0,Pending Recovery,Escalate to support,0.0,High
TXN11386,CUST1281,Vivaan Singh,vivaan.singh493@example.com,+91 9847401602,VIP,221.15,INR,Debit Card,Failed,Network error,14,2,3,663,2026-08-01 01:12:59,0.34,0,Pending Recovery,Stop further retries,0.0,High
TXN11387,CUST1231,Arjun Sharma,arjun.sharma553@example.com,+91 9330997172,New,6402.15,INR,Netbanking,Success,None,3,1,0,0,2026-07-31 22:21:05,1.0,1,Not Applicable,None,6402.15,Low
TXN11388,CUST1323,Krishna Reddy,krishna.reddy639@example.com,+91 9672817675,Returning,8617.91,INR,Credit Card,Failed,Bank decline,5,6,0,226,2026-08-03 15:04:50,0.2642,0,Pending Recovery,Escalate to support,0.0,High
TXN11389,CUST1170,Aarav Reddy,aarav.reddy680@example.com,+91 9265744099,Returning,552.33,INR,UPI,Success,None,5,4,0,0,2026-07-29 13:40:52,1.0,1,Not Applicable,None,552.33,Low
TXN11390,CUST1232,Gauri Kulkarni,gauri.kulkarni329@example.com,+91 9874807770,New,1657.01,INR,Debit Card,Success,None,2,4,0,0,2026-08-15 15:50:34,1.0,1,Not Applicable,None,1657.01,Low
TXN11391,CUST1081,Ishaan Chopra,ishaan.chopra10@example.com,+91 9426283245,Returning,139.68,INR,UPI,Success,None,11,2,0,0,2026-08-04 01:49:40,1.0,1,Not Applicable,None,139.68,Low
TXN11392,CUST1231,Arjun Sharma,arjun.sharma553@example.com,+91 9330997172,New,220.06,INR,UPI,Success,None,4,1,0,0,2026-08-04 14:57:57,1.0,1,Not Applicable,None,220.06,Low
TXN11393,CUST1154,Shaurya Gupta,shaurya.gupta801@example.com,+91 9533979662,Returning,11476.91,INR,Credit Card,Success,None,14,1,0,0,2026-08-03 00:04:21,1.0,1,Not Applicable,None,11476.91,Low
TXN11394,CUST1018,Krishna Reddy,krishna.reddy584@example.com,+91 9678722458,New,3737.07,INR,Netbanking,Recovered,Temporary bank failure,4,2,0,175,2026-08-21 00:04:53,0.8287,1,Recovered,Smart Retry payment,3737.07,Low
TXN11395,CUST1267,Arjun Patel,arjun.patel817@example.com,+91 9208599066,Returning,4534.43,INR,Credit Card,Success,None,11,4,0,0,2026-08-16 13:23:22,1.0,1,Not Applicable,None,4534.43,Low
TXN11396,CUST1169,Shaurya Mehta,shaurya.mehta460@example.com,+91 9207064620,VIP,7360.8,INR,Wallet,Success,None,26,1,0,0,2026-08-15 19:28:51,1.0,1,Not Applicable,None,7360.8,Low
TXN11397,CUST1313,Vikram Patel,vikram.patel307@example.com,+91 9422076028,Returning,11675.69,INR,UPI,Success,None,9,1,0,0,2026-08-26 10:44:04,1.0,1,Not Applicable,None,11675.69,Low
TXN11398,CUST1101,Krishna Malhotra,krishna.malhotra408@example.com,+91 9460916347,Returning,436.97,INR,Credit Card,Success,None,15,3,0,0,2026-08-24 05:48:58,1.0,1,Not Applicable,None,436.97,Low
TXN11399,CUST1028,Amit Singh,amit.singh256@example.com,+91 9709194872,New,729.24,INR,Netbanking,Recovered,Customer abandoned checkout,2,1,0,535,2026-08-13 03:16:32,0.525,1,Recovered,Send personalized recovery reminder,729.24,Medium
TXN11400,CUST1119,Rahul Patel,rahul.patel471@example.com,+91 9361846370,Returning,1961.69,INR,UPI,Success,None,13,4,0,0,2026-08-14 06:21:26,1.0,1,Not Applicable,None,1961.69,Low
TXN11401,CUST1043,Rohan Joshi,rohan.joshi105@example.com,+91 9909134796,VIP,582.81,INR,UPI,Failed,Insufficient funds,18,0,0,230,2026-08-02 03:14:59,0.4975,0,Pending Recovery,Send payment reminder,0.0,Medium
TXN11402,CUST1046,Diya Joshi,diya.joshi508@example.com,+91 9266211829,Returning,3498.74,INR,UPI,Success,None,8,3,0,0,2026-08-14 23:36:21,1.0,1,Not Applicable,None,3498.74,Low
TXN11403,CUST1085,Pooja Singh,pooja.singh213@example.com,+91 9258220114,New,4970.01,INR,UPI,Recovered,Temporary bank failure,2,0,2,36,2026-07-29 06:15:43,0.4875,1,Recovered,Send payment reminder,4970.01,Medium
TXN11404,CUST1085,Pooja Singh,pooja.singh213@example.com,+91 9258220114,New,4231.08,INR,Credit Card,Recovered,Customer abandoned checkout,3,0,1,385,2026-08-04 11:48:00,0.375,1,Recovered,Escalate to support,4231.08,High
TXN11405,CUST1323,Krishna Reddy,krishna.reddy639@example.com,+91 9672817675,Returning,3418.88,INR,Debit Card,Success,None,5,7,0,0,2026-08-07 22:10:04,1.0,1,Not Applicable,None,3418.88,Low
TXN11406,CUST1259,Sai Deshmukh,sai.deshmukh299@example.com,+91 9515985367,Returning,4009.36,INR,UPI,Recovered,Network error,15,3,0,83,2026-08-22 20:14:41,0.815,1,Recovered,Smart Retry payment,4009.36,Low
TXN11407,CUST1148,Krishna Sharma,krishna.sharma994@example.com,+91 9824022357,New,4152.45,INR,UPI,Success,None,6,3,0,0,2026-08-13 12:36:48,1.0,1,Not Applicable,None,4152.45,Low
TXN11408,CUST1026,Myra Iyer,myra.iyer790@example.com,+91 9273461957,New,334.16,INR,UPI,Recovered,Timeout,5,3,0,581,2026-08-08 11:22:18,0.675,1,Recovered,Smart Retry payment,334.16,Medium
TXN11409,CUST1212,Karan Deshmukh,karan.deshmukh121@example.com,+91 9585337126,Returning,341.47,INR,UPI,Recovered,Customer abandoned checkout,18,1,0,47,2026-08-18 02:03:44,0.6307,1,Recovered,Send personalized recovery reminder,341.47,Medium
TXN11410,CUST1021,Sai Malhotra,sai.malhotra404@example.com,+91 9509760584,Returning,1212.09,INR,UPI,Success,None,13,4,0,0,2026-08-24 02:27:53,1.0,1,Not Applicable,None,1212.09,Low
TXN11411,CUST1009,Pari Singh,pari.singh643@example.com,+91 9488302652,VIP,4113.68,INR,Wallet,Success,None,26,2,0,0,2026-08-13 18:13:21,1.0,1,Not Applicable,None,4113.68,Low
TXN11412,CUST1025,Navya Nair,navya.nair118@example.com,+91 9771410971,Returning,17977.9,INR,UPI,Success,None,6,4,0,0,2026-08-25 11:24:09,1.0,1,Not Applicable,None,17977.9,Low
TXN11413,CUST1134,Vihaan Patel,vihaan.patel85@example.com,+91 9719571745,Returning,2034.39,INR,Netbanking,Recovered,Network error,16,1,0,197,2026-08-26 19:56:19,0.8292,1,Recovered,Smart Retry payment,2034.39,Low
TXN11414,CUST1033,Amit Kapoor,amit.kapoor263@example.com,+91 9341266931,Returning,317.0,INR,Credit Card,Failed,Network error,8,2,1,687,2026-08-10 13:02:37,0.6275,0,Pending Recovery,Send payment reminder,0.0,Medium
TXN11415,CUST1209,Priya Nair,priya.nair897@example.com,+91 9127681228,New,117.64,INR,Netbanking,Success,None,3,3,0,0,2026-08-02 12:05:19,1.0,1,Not Applicable,None,117.64,Low
TXN11416,CUST1221,Shaurya Gupta,shaurya.gupta166@example.com,+91 9837468465,Returning,377.63,INR,Debit Card,Failed,Expired card,12,0,0,368,2026-08-24 20:45:07,0.2343,0,Pending Recovery,Escalate to support,0.0,High
TXN11417,CUST1192,Priya Mehta,priya.mehta87@example.com,+91 9251136695,Returning,4464.23,INR,UPI,Success,None,15,7,0,0,2026-08-05 09:29:31,1.0,1,Not Applicable,None,4464.23,Low
TXN11418,CUST1350,Myra Chatterjee,myra.chatterjee681@example.com,+91 9940636753,Returning,271.5,INR,Netbanking,Success,None,14,7,0,0,2026-08-18 09:13:32,1.0,1,Not Applicable,None,271.5,Low
TXN11419,CUST1144,Meera Gupta,meera.gupta83@example.com,+91 9164035859,VIP,12694.19,INR,Wallet,Success,None,16,3,0,0,2026-08-25 09:08:08,1.0,1,Not Applicable,None,12694.19,Low
TXN11420,CUST1056,Atharva Singh,atharva.singh863@example.com,+91 9683275843,New,599.48,INR,Credit Card,Failed,Network error,3,1,2,68,2026-08-27 16:30:59,0.375,0,Pending Recovery,Escalate to support,0.0,High
TXN11421,CUST1175,Karan Mehta,karan.mehta720@example.com,+91 9421549249,Returning,717.14,INR,UPI,Success,None,4,0,0,0,2026-08-05 21:54:41,1.0,1,Not Applicable,None,717.14,Low
TXN11422,CUST1182,Vikram Gupta,vikram.gupta319@example.com,+91 9313907621,Returning,572.59,INR,Credit Card,Success,None,11,4,0,0,2026-08-02 06:11:45,1.0,1,Not Applicable,None,572.59,Low
TXN11423,CUST1053,Ayaan Gupta,ayaan.gupta697@example.com,+91 9793101194,Returning,739.17,INR,Credit Card,Success,None,7,3,0,0,2026-08-24 08:09:44,1.0,1,Not Applicable,None,739.17,Low
TXN11424,CUST1102,Sneha Nair,sneha.nair951@example.com,+91 9237039296,VIP,181.28,INR,Credit Card,Success,None,31,4,0,0,2026-08-02 13:27:46,1.0,1,Not Applicable,None,181.28,Low
TXN11425,CUST1021,Sai Malhotra,sai.malhotra404@example.com,+91 9509760584,Returning,17821.35,INR,Debit Card,Success,None,14,4,0,0,2026-08-26 00:18:07,1.0,1,Not Applicable,None,17821.35,Low
TXN11426,CUST1168,Ananya Reddy,ananya.reddy47@example.com,+91 9235555899,Returning,26195.01,INR,Wallet,Success,None,14,4,0,0,2026-08-21 22:34:42,1.0,1,Not Applicable,None,26195.01,Low
TXN11427,CUST1005,Ayaan Bose,ayaan.bose838@example.com,+91 9106977991,Returning,265.35,INR,Debit Card,Success,None,6,5,0,0,2026-07-29 21:03:57,1.0,1,Not Applicable,None,265.35,Low
TXN11428,CUST1058,Vihaan Reddy,vihaan.reddy921@example.com,+91 9214929002,Returning,4349.55,INR,Credit Card,Recovered,Network error,13,1,1,615,2026-08-18 20:37:44,0.6462,1,Recovered,Send payment reminder,4349.55,Medium
TXN11429,CUST1213,Myra Verma,myra.verma940@example.com,+91 9807491789,Returning,18233.34,INR,Credit Card,Failed,Temporary bank failure,12,2,1,131,2026-08-16 12:31:03,0.7369,0,Pending Recovery,Smart Retry payment,0.0,Low
TXN11430,CUST1328,Ishaan Singh,ishaan.singh834@example.com,+91 9966884723,Returning,2147.06,INR,Credit Card,Recovered,Timeout,15,3,1,422,2026-08-10 06:19:23,0.585,1,Recovered,Send payment reminder,2147.06,Medium
TXN11431,CUST1081,Ishaan Chopra,ishaan.chopra10@example.com,+91 9426283245,Returning,14097.92,INR,Credit Card,Failed,Temporary bank failure,12,2,2,717,2026-08-11 17:43:45,0.5569,0,Pending Recovery,Send payment reminder,0.0,Medium
TXN11432,CUST1151,Rahul Chatterjee,rahul.chatterjee491@example.com,+91 9473620340,Enterprise,581.49,INR,Netbanking,Recovered,Payment gateway error,22,1,2,443,2026-08-08 22:04:05,0.563,1,Recovered,Send payment reminder,581.49,Medium
TXN11433,CUST1024,Ishaan Malhotra,ishaan.malhotra13@example.com,+91 9875340444,New,1383.85,INR,Debit Card,Success,None,5,1,0,0,2026-08-24 04:42:24,1.0,1,Not Applicable,None,1383.85,Low
TXN11434,CUST1029,Sneha Chatterjee,sneha.chatterjee788@example.com,+91 9671988889,VIP,1812.53,INR,UPI,Success,None,15,1,0,0,2026-08-01 08:22:37,1.0,1,Not Applicable,None,1812.53,Low
TXN11435,CUST1079,Shaurya Chopra,shaurya.chopra577@example.com,+91 9236674237,Returning,1290.64,INR,Netbanking,Recovered,Payment gateway error,7,3,0,445,2026-08-27 04:35:21,0.825,1,Recovered,Smart Retry payment,1290.64,Low
TXN11436,CUST1094,Karan Kapoor,karan.kapoor254@example.com,+91 9394846763,Returning,196.9,INR,Credit Card,Success,None,11,0,0,0,2026-08-21 09:01:53,1.0,1,Not Applicable,None,196.9,Low
TXN11437,CUST1108,Reyansh Sharma,reyansh.sharma254@example.com,+91 9235528741,Returning,74040.45,INR,UPI,Success,None,16,2,0,0,2026-08-01 15:36:45,1.0,1,Not Applicable,None,74040.45,Low
TXN11438,CUST1271,Gauri Menon,gauri.menon776@example.com,+91 9941599226,Returning,70715.81,INR,UPI,Recovered,Network error,10,2,0,222,2026-08-24 15:38:09,0.8129,1,Recovered,Smart Retry payment,70715.81,Low
TXN11439,CUST1192,Priya Mehta,priya.mehta87@example.com,+91 9251136695,Returning,1496.42,INR,UPI,Failed,Network error,16,7,3,599,2026-08-18 15:29:59,0.257,0,Pending Recovery,Stop further retries,0.0,High
TXN11440,CUST1149,Aarav Gupta,aarav.gupta791@example.com,+91 9912037475,Returning,262.6,INR,UPI,Success,None,5,4,0,0,2026-08-28 04:24:42,1.0,1,Not Applicable,None,262.6,Low
TXN11441,CUST1307,Atharva Bose,atharva.bose597@example.com,+91 9247848992,Returning,3494.48,INR,Credit Card,Success,None,10,3,0,0,2026-08-15 10:26:45,1.0,1,Not Applicable,None,3494.48,Low
TXN11442,CUST1152,Shaurya Mehta,shaurya.mehta347@example.com,+91 9542000551,VIP,14625.6,INR,Debit Card,Success,None,33,2,0,0,2026-08-18 21:40:39,1.0,1,Not Applicable,None,14625.6,Low
TXN11443,CUST1046,Diya Joshi,diya.joshi508@example.com,+91 9266211829,Returning,9432.92,INR,Credit Card,Recovered,Payment gateway error,9,3,0,26,2026-08-10 07:22:05,0.8321,1,Recovered,Smart Retry payment,9432.92,Low
TXN11444,CUST1159,Aarav Joshi,aarav.joshi240@example.com,+91 9221827951,Returning,4168.4,INR,Netbanking,Success,None,15,0,0,0,2026-08-24 17:11:04,1.0,1,Not Applicable,None,4168.4,Low
TXN11445,CUST1115,Navya Kulkarni,navya.kulkarni440@example.com,+91 9982971099,New,226.16,INR,Wallet,Success,None,4,2,0,0,2026-08-15 13:44:01,1.0,1,Not Applicable,None,226.16,Low
TXN11446,CUST1012,Rahul Deshmukh,rahul.deshmukh373@example.com,+91 9324956459,New,50743.54,INR,UPI,Failed,Network error,7,3,1,321,2026-08-21 17:00:08,0.555,0,Pending Recovery,Send payment reminder,0.0,Medium
TXN11447,CUST1117,Sai Kapoor,sai.kapoor286@example.com,+91 9761330848,Enterprise,1881.37,INR,Credit Card,Success,None,32,2,0,0,2026-08-08 23:43:16,1.0,1,Not Applicable,None,1881.37,Low
TXN11448,CUST1071,Ayaan Sharma,ayaan.sharma418@example.com,+91 9452468587,Returning,3244.05,INR,UPI,Success,None,11,1,0,0,2026-08-06 10:04:23,1.0,1,Not Applicable,None,3244.05,Low
TXN11449,CUST1209,Priya Nair,priya.nair897@example.com,+91 9127681228,New,6766.96,INR,UPI,Success,None,4,3,0,0,2026-08-16 12:16:28,1.0,1,Not Applicable,None,6766.96,Low
TXN11450,CUST1076,Vivaan Malhotra,vivaan.malhotra957@example.com,+91 9965984448,New,785.79,INR,Credit Card,Recovered,Timeout,9,5,0,650,2026-08-17 19:13:54,0.6787,1,Recovered,Smart Retry payment,785.79,Medium
TXN11451,CUST1111,Vihaan Bhat,vihaan.bhat329@example.com,+91 9718257024,New,532.74,INR,UPI,Success,None,6,4,0,0,2026-08-18 13:54:01,1.0,1,Not Applicable,None,532.74,Low
TXN11452,CUST1271,Gauri Menon,gauri.menon776@example.com,+91 9941599226,Returning,402.17,INR,Netbanking,Failed,Temporary bank failure,11,2,1,323,2026-08-23 22:07:41,0.735,0,Pending Recovery,Smart Retry payment,0.0,Low
TXN11453,CUST1140,Pari Patel,pari.patel428@example.com,+91 9583724666,New,1162.21,INR,UPI,Success,None,4,2,0,0,2026-08-12 10:17:28,1.0,1,Not Applicable,None,1162.21,Low
TXN11454,CUST1264,Ananya Kulkarni,ananya.kulkarni696@example.com,+91 9854658900,VIP,450.61,INR,Netbanking,Recovered,Network error,33,3,0,689,2026-07-31 08:18:47,0.8892,1,Recovered,Smart Retry payment,450.61,Low
TXN11455,CUST1314,Priya Deshmukh,priya.deshmukh134@example.com,+91 9315801027,Returning,971.54,INR,Netbanking,Recovered,Payment gateway error,6,2,0,626,2026-07-31 09:06:00,0.83,1,Recovered,Smart Retry payment,971.54,Low
TXN11456,CUST1165,Gauri Joshi,gauri.joshi350@example.com,+91 9692616814,Returning,466.01,INR,UPI,Success,None,14,4,0,0,2026-08-04 07:33:31,1.0,1,Not Applicable,None,466.01,Low
TXN11457,CUST1211,Arjun Malhotra,arjun.malhotra773@example.com,+91 9168244921,Returning,1201.15,INR,UPI,Success,None,14,4,0,0,2026-08-06 20:12:03,1.0,1,Not Applicable,None,1201.15,Low
TXN11458,CUST1307,Atharva Bose,atharva.bose597@example.com,+91 9247848992,Returning,245.08,INR,Debit Card,Success,None,11,3,0,0,2026-08-02 11:24:25,1.0,1,Not Applicable,None,245.08,Low
TXN11459,CUST1344,Navya Verma,navya.verma150@example.com,+91 9866213410,New,222.47,INR,UPI,Success,None,5,2,0,0,2026-08-20 17:37:58,1.0,1,Not Applicable,None,222.47,Low
TXN11460,CUST1243,Vikram Malhotra,vikram.malhotra424@example.com,+91 9122394554,Returning,18845.43,INR,Wallet,Success,None,9,2,0,0,2026-08-25 22:22:08,1.0,1,Not Applicable,None,18845.43,Low
TXN11461,CUST1012,Rahul Deshmukh,rahul.deshmukh373@example.com,+91 9324956459,New,570.58,INR,Credit Card,Failed,Bank decline,7,4,3,326,2026-08-03 22:09:41,0.05,0,Pending Recovery,Stop further retries,0.0,High
TXN11462,CUST1088,Ayaan Reddy,ayaan.reddy15@example.com,+91 9906341966,Returning,923.24,INR,UPI,Success,None,4,3,0,0,2026-08-26 03:07:04,1.0,1,Not Applicable,None,923.24,Low
TXN11463,CUST1085,Pooja Singh,pooja.singh213@example.com,+91 9258220114,New,1314.3,INR,UPI,Failed,Expired card,4,0,0,483,2026-08-04 20:46:50,0.16,0,Pending Recovery,Escalate to support,0.0,High
TXN11464,CUST1294,Vivaan Singh,vivaan.singh820@example.com,+91 9314179101,New,44438.77,INR,UPI,Success,None,3,3,0,0,2026-08-25 03:19:41,1.0,1,Not Applicable,None,44438.77,Low
TXN11465,CUST1304,Priya Nair,priya.nair156@example.com,+91 9752376434,Enterprise,964.11,INR,Netbanking,Recovered,Expired card,35,1,0,287,2026-08-02 11:41:29,0.2971,1,Recovered,Escalate to support,964.11,High
TXN11466,CUST1028,Amit Singh,amit.singh256@example.com,+91 9709194872,New,283.4,INR,UPI,Recovered,Network error,3,1,1,688,2026-08-12 01:59:42,0.555,1,Recovered,Send payment reminder,283.4,Medium
TXN11467,CUST1096,Arjun Reddy,arjun.reddy720@example.com,+91 9264073400,New,849.56,INR,Credit Card,Success,None,5,3,0,0,2026-08-25 06:54:38,1.0,1,Not Applicable,None,849.56,Low
TXN11468,CUST1053,Ayaan Gupta,ayaan.gupta697@example.com,+91 9793101194,Returning,2044.13,INR,Netbanking,Success,None,8,3,0,0,2026-08-15 09:31:54,1.0,1,Not Applicable,None,2044.13,Low
TXN11469,CUST1311,Reyansh Mehta,reyansh.mehta85@example.com,+91 9585377142,New,781.09,INR,Netbanking,Recovered,Network error,2,3,1,331,2026-08-22 18:36:47,0.5193,1,Recovered,Send payment reminder,781.09,Medium
TXN11470,CUST1174,Rohan Singh,rohan.singh774@example.com,+91 9197044071,Enterprise,774.24,INR,Wallet,Recovered,Network error,22,1,1,126,2026-08-22 00:33:40,0.713,1,Recovered,Smart Retry payment,774.24,Low
TXN11471,CUST1032,Vikram Singh,vikram.singh697@example.com,+91 9797801251,Returning,943.37,INR,UPI,Success,None,9,3,0,0,2026-08-21 10:20:45,1.0,1,Not Applicable,None,943.37,Low
TXN11472,CUST1187,Karan Reddy,karan.reddy935@example.com,+91 9773728014,Returning,2504.09,INR,UPI,Success,None,16,0,0,0,2026-08-03 05:14:56,1.0,1,Not Applicable,None,2504.09,Low
TXN11473,CUST1346,Meera Menon,meera.menon412@example.com,+91 9761962359,Returning,991.94,INR,Credit Card,Success,None,9,4,0,0,2026-07-29 16:02:10,1.0,1,Not Applicable,None,991.94,Low
TXN11474,CUST1054,Shaurya Patel,shaurya.patel646@example.com,+91 9704509817,New,2619.33,INR,UPI,Failed,Timeout,3,1,0,412,2026-08-18 07:14:23,0.685,0,Pending Recovery,Smart Retry payment,0.0,Medium
TXN11475,CUST1305,Vivaan Reddy,vivaan.reddy807@example.com,+91 9792738367,New,56239.22,INR,Credit Card,Success,None,6,2,0,0,2026-08-05 12:54:29,1.0,1,Not Applicable,None,56239.22,Low
TXN11476,CUST1280,Shaurya Mehta,shaurya.mehta675@example.com,+91 9460015275,VIP,19295.35,INR,UPI,Success,None,16,1,0,0,2026-08-24 04:36:18,1.0,1,Not Applicable,None,19295.35,Low
TXN11477,CUST1118,Gauri Malhotra,gauri.malhotra616@example.com,+91 9388187517,VIP,3168.59,INR,Wallet,Success,None,19,0,0,0,2026-08-19 02:26:50,1.0,1,Not Applicable,None,3168.59,Low
TXN11478,CUST1067,Myra Reddy,myra.reddy252@example.com,+91 9274484941,VIP,644.04,INR,Debit Card,Success,None,19,1,0,0,2026-08-14 12:49:44,1.0,1,Not Applicable,None,644.04,Low
TXN11479,CUST1178,Aditya Menon,aditya.menon644@example.com,+91 9833510170,VIP,3182.22,INR,Credit Card,Success,None,20,2,0,0,2026-08-25 22:24:19,1.0,1,Not Applicable,None,3182.22,Low
TXN11480,CUST1183,Vihaan Rao,vihaan.rao377@example.com,+91 9717199615,Returning,8528.98,INR,Credit Card,Success,None,8,5,0,0,2026-08-12 17:54:38,1.0,1,Not Applicable,None,8528.98,Low
TXN11481,CUST1096,Arjun Reddy,arjun.reddy720@example.com,+91 9264073400,New,653.02,INR,UPI,Success,None,6,3,0,0,2026-08-26 20:29:34,1.0,1,Not Applicable,None,653.02,Low
TXN11482,CUST1237,Pooja Singh,pooja.singh414@example.com,+91 9743520276,New,3128.26,INR,UPI,Recovered,Customer abandoned checkout,2,2,0,137,2026-08-17 11:14:59,0.51,1,Recovered,Send personalized recovery reminder,3128.26,Medium
TXN11483,CUST1296,Vivaan Iyer,vivaan.iyer892@example.com,+91 9938422254,Returning,993.77,INR,UPI,Success,None,4,3,0,0,2026-08-07 22:16:27,1.0,1,Not Applicable,None,993.77,Low
TXN11484,CUST1096,Arjun Reddy,arjun.reddy720@example.com,+91 9264073400,New,4168.83,INR,UPI,Success,None,7,3,0,0,2026-08-25 00:34:07,1.0,1,Not Applicable,None,4168.83,Low
TXN11485,CUST1200,Pooja Joshi,pooja.joshi770@example.com,+91 9880179899,Returning,656.59,INR,Credit Card,Success,None,12,4,0,0,2026-07-29 21:52:51,1.0,1,Not Applicable,None,656.59,Low
TXN11486,CUST1278,Amit Deshmukh,amit.deshmukh434@example.com,+91 9157184151,VIP,770.83,INR,Netbanking,Recovered,Network error,22,3,0,631,2026-08-03 20:36:51,0.8828,1,Recovered,Smart Retry payment,770.83,Low
TXN11487,CUST1327,Reyansh Bhat,reyansh.bhat664@example.com,+91 9132519237,Returning,955.48,INR,Credit Card,Success,None,17,4,0,0,2026-08-24 01:18:33,1.0,1,Not Applicable,None,955.48,Low
TXN11488,CUST1114,Priya Verma,priya.verma448@example.com,+91 9810303128,Returning,7918.32,INR,Wallet,Success,None,10,0,0,0,2026-08-26 05:31:50,1.0,1,Not Applicable,None,7918.32,Low
TXN11489,CUST1041,Pari Bose,pari.bose197@example.com,+91 9399085574,New,4663.07,INR,UPI,Success,None,5,1,0,0,2026-08-20 10:26:10,1.0,1,Not Applicable,None,4663.07,Low
TXN11490,CUST1176,Shaurya Verma,shaurya.verma393@example.com,+91 9562446417,Returning,970.77,INR,UPI,Success,None,9,2,0,0,2026-08-05 04:34:53,1.0,1,Not Applicable,None,970.77,Low
TXN11491,CUST1312,Gauri Patel,gauri.patel875@example.com,+91 9443154754,VIP,2479.84,INR,UPI,Success,None,30,1,0,0,2026-08-13 13:10:05,1.0,1,Not Applicable,None,2479.84,Low
TXN11492,CUST1188,Ishaan Bose,ishaan.bose383@example.com,+91 9886365312,New,680.24,INR,Credit Card,Success,None,1,0,0,0,2026-08-26 21:14:20,1.0,1,Not Applicable,None,680.24,Low
TXN11493,CUST1165,Gauri Joshi,gauri.joshi350@example.com,+91 9692616814,Returning,4091.24,INR,UPI,Failed,Insufficient funds,15,4,2,595,2026-07-29 09:49:02,0.05,0,Pending Recovery,Escalate to support,0.0,High
TXN11494,CUST1058,Vihaan Reddy,vihaan.reddy921@example.com,+91 9214929002,Returning,13984.42,INR,UPI,Recovered,Customer abandoned checkout,14,1,0,377,2026-08-23 04:21:41,0.6274,1,Recovered,Send personalized recovery reminder,13984.42,Medium
TXN11495,CUST1158,Aarav Menon,aarav.menon736@example.com,+91 9270057261,Returning,363.28,INR,UPI,Success,None,8,4,0,0,2026-08-04 03:29:05,1.0,1,Not Applicable,None,363.28,Low
TXN11496,CUST1318,Arjun Kulkarni,arjun.kulkarni470@example.com,+91 9600184588,Returning,17262.26,INR,Credit Card,Success,None,16,4,0,0,2026-08-13 20:13:58,1.0,1,Not Applicable,None,17262.26,Low
TXN11497,CUST1163,Krishna Malhotra,krishna.malhotra816@example.com,+91 9645179180,Returning,962.82,INR,UPI,Success,None,11,0,0,0,2026-08-19 09:30:45,1.0,1,Not Applicable,None,962.82,Low
TXN11498,CUST1045,Ananya Sharma,ananya.sharma281@example.com,+91 9941889393,Enterprise,417.47,INR,Credit Card,Success,None,26,2,0,0,2026-08-26 10:36:31,1.0,1,Not Applicable,None,417.47,Low
TXN11499,CUST1243,Vikram Malhotra,vikram.malhotra424@example.com,+91 9122394554,Returning,3419.68,INR,Debit Card,Success,None,10,2,0,0,2026-07-29 10:03:19,1.0,1,Not Applicable,None,3419.68,Low
TXN11500,CUST1264,Ananya Kulkarni,ananya.kulkarni696@example.com,+91 9854658900,VIP,4424.96,INR,UPI,Failed,Insufficient funds,34,3,0,64,2026-08-02 07:36:59,0.4896,0,Pending Recovery,Send payment reminder,0.0,Medium
